discount_percentage,rating,discounted_price,actual_price,rating_count,price_ratio,price_diff,label,label_code
64.0,4.2,5.991464547107982,7.003065458786462,10.096996298720647,0.8555488424845058,1.0116009116784799,Qualified,1
43.0,4.0,5.298317366548036,5.857933154483459,10.69183127007966,0.9044687310050453,0.5596157879354227,Qualified,1
90.0,3.9,5.298317366548036,7.549609165154532,8.978282203272398,0.7018002191428125,2.2512917986064958,Bad,0
53.0,4.2,5.799092654460526,6.551080335043404,11.454914923466722,0.8852116533268102,0.7519876805828787,Qualified,1
61.0,4.2,5.043425116919247,5.991464547107982,9.735423867488873,0.8417683318102344,0.9480394301887349,Qualified,1
85.0,3.9,5.0106352940962555,6.90875477931522,10.12149795173859,0.725258813512686,1.898119485218965,Bad,0
65.0,4.1,5.179702735211794,6.214608098422191,9.62832676063802,0.8334721438873762,1.034905363210397,Qualified,1
23.0,4.3,5.438079308923196,5.703782474656201,10.322592546348327,0.9534163220786184,0.26570316573300534,Qualified,1
50.0,4.2,6.214608098422191,6.907755278982137,12.098999553138485,0.8996566681120063,0.6931471805599454,Qualified,1
33.0,4.0,5.298317366548036,5.703782474656201,10.69183127007966,0.928912943312656,0.4054651081081646,Qualified,1
55.0,4.3,5.043425116919247,5.8289456176102075,9.502412792729256,0.8652379774623778,0.7855205006909607,Qualified,1
63.0,4.2,5.703782474656201,6.684611727667927,11.454914923466722,0.8532705723277798,0.9808292530117262,Qualified,1
69.0,4.4,5.393627546352361,6.55250788703459,12.964478400427152,0.8231394207132052,1.158880340682229,Qualified,1
61.0,4.2,5.860786223465865,6.802394763324311,7.724446645633537,0.8615769045138033,0.9416085398584455,Qualified,1
60.0,4.1,5.075173815233827,5.991464547107982,8.469891918298224,0.8470673197396388,0.9162907318741551,Qualified,1
13.0,4.4,5.857933154483459,5.991464547107982,9.839375607068884,0.9777130630458329,0.13353139262452274,Qualified,1
44.0,4.2,9.546812608597396,10.126631103850338,10.399433013772667,0.9427431996577338,0.5798184952529422,Qualified,1
38.0,4.0,5.521460917862246,5.991464547107982,10.69183127007966,0.9215544671006021,0.4700036292457357,Qualified,1
60.0,4.1,5.298317366548036,6.214608098422191,9.476236852356042,0.8525585656629274,0.9162907318741551,Qualified,1
39.0,4.3,9.509778075438817,9.998388557730848,9.390743422947507,0.9511310768259518,0.48861048229203163,Qualified,1
46.0,4.5,6.878326468291325,7.495541943884256,6.704414354964107,0.9176556571607837,0.6172154755929311,Good,2
44.0,3.7,5.634789603169249,6.214608098422191,9.30228124567454,0.906700714498771,0.5798184952529422,Bad,0
41.0,4.3,9.509778075438817,10.038935856711177,9.698920386794853,0.9472894548958981,0.5291577812723602,Qualified,1
70.0,4.0,4.0943445622221,5.298317366548036,9.146228426508939,0.7727631772442599,1.203972804325936,Qualified,1
42.0,4.3,9.350102314351341,9.903037451255743,8.456168489578463,0.9441650968578041,0.5529351369044022,Qualified,1
72.0,4.2,5.298317366548036,6.551080335043404,9.4054136126953,0.8087700189243568,1.252762968495368,Qualified,1
25.0,4.2,9.615805480084347,9.903487552536127,10.460242108190519,0.9709514379731705,0.2876820724517799,Qualified,1
25.0,4.0,5.703782474656201,5.991464547107982,7.925518979786926,0.9519846825112832,0.2876820724517808,Qualified,1
51.0,4.4,6.878326468291325,7.600902459542082,5.220355825078325,0.90493550008083,0.722575991250757,Qualified,1
70.0,4.3,5.703782474656201,6.907755278982137,9.94515718770752,0.8257070849065542,1.203972804325936,Qualified,1
73.0,4.5,5.298317366548036,6.621405651764134,11.224936678819944,0.8001801498351654,1.3230882852160981,Good,2
64.0,4.0,5.19295685089021,6.214608098422191,7.5678626054638825,0.8356048794466436,1.021651247531981,Qualified,1
65.0,4.3,5.966146739123692,7.003065458786462,6.882437470997847,0.8519335959709202,1.0369187196627694,Qualified,1
0.0,4.3,6.396929655216146,6.396929655216146,5.87493073085203,1.0,0.0,Qualified,1
80.0,3.9,5.298317366548036,6.907755278982137,6.98100574072173,0.7670099985546603,1.6094379124341005,Bad,0
85.0,3.9,4.605170185988092,6.503779061925392,10.12149795173859,0.7080760496536253,1.8986088759372999,Bad,0
53.0,4.4,6.802394763324311,7.550135342488429,9.514363204016016,0.9009632880411821,0.7477405791641178,Qualified,1
80.0,4.0,5.298317366548036,6.907755278982137,6.3578422665081,0.7670099985546603,1.6094379124341005,Qualified,1
28.0,4.2,10.327706173643904,10.736396675471232,8.895492631451633,0.9619341093496445,0.40869050182732813,Qualified,1
51.0,4.2,6.878326468291325,7.600902459542082,6.137727054086234,0.90493550008083,0.722575991250757,Qualified,1
70.0,4.5,5.3471075307174685,6.54534966033442,11.58699343632393,0.8169322966993745,1.1982421296169514,Good,2
43.0,4.3,9.903487552536127,10.46310334047155,10.209205987474007,0.9465153148425081,0.5596157879354227,Qualified,1
64.0,4.2,5.991464547107982,7.003065458786462,10.096996298720647,0.8555488424845058,1.0116009116784799,Qualified,1
38.0,4.3,6.907755278982137,7.3777589082278725,9.400464740833158,0.9362945258726773,0.4700036292457357,Qualified,1
70.0,4.0,4.0943445622221,5.298317366548036,9.146228426508939,0.7727631772442599,1.203972804325936,Qualified,1
67.0,3.3,5.8111409929767,6.907755278982137,9.189423123720795,0.8412488222705214,1.0966142860054369,Bad,0
58.0,4.1,6.230481447578482,7.097548850614793,9.003562174748238,0.8778356554796795,0.8670674030363106,Qualified,1
35.0,4.4,5.736572297479192,6.16541785423142,12.964478400427152,0.9304433913659388,0.42884555675222824,Qualified,1
60.0,3.6,5.991464547107982,6.907755278982137,6.202535517187923,0.8673533304426542,0.9162907318741551,Bad,0
50.0,4.2,5.298317366548036,5.981414211254481,11.436001223156996,0.8857967663531567,0.6830968447064443,Qualified,1
45.0,4.4,7.090076835776092,7.696212639346407,10.117832509493988,0.9212423263266553,0.6061358035703153,Qualified,1
64.0,4.2,5.19295685089021,6.2166061010848646,11.436001223156996,0.8353363179925432,1.0236492501946541,Qualified,1
62.0,4.3,6.684611727667927,7.650168700845001,9.010547069270189,0.8737861855163505,0.9655569731770735,Qualified,1
46.0,4.2,8.85366542803745,9.472704636443673,8.295049140435111,0.9346502153118301,0.6190392084062228,Qualified,1
43.0,4.1,5.298317366548036,5.857933154483459,5.752572638825633,0.9044687310050453,0.5596157879354227,Qualified,1
54.0,3.7,5.442417710521793,6.214608098422191,7.993282328101591,0.8757459238505406,0.7721903879003982,Bad,0
54.0,4.2,6.476972362889683,7.24422751560335,12.098999553138485,0.8940873749394155,0.7672551527136671,Qualified,1
27.0,4.2,9.680344001221918,9.998797732340453,10.460242108190519,0.9681507977615632,0.3184537311185345,Qualified,1
77.0,4.2,5.855071922202427,7.313220387090301,6.487684018484611,0.8006147240602952,1.4581484648878744,Qualified,1
56.0,4.3,5.043425116919247,5.857933154483459,8.862908295118627,0.8609564131094913,0.8145080375642122,Qualified,1
78.0,3.7,5.19295685089021,6.684611727667927,7.697121317282625,0.7768524280021103,1.4916548767777167,Bad,0
31.0,4.3,10.327706173643904,10.776891660007811,8.869257522797287,0.9583195692658952,0.4491854863639073,Qualified,1
86.0,4.0,4.941642422609304,6.907755278982137,7.1808311990445555,0.715376011892746,1.966112856372833,Qualified,1
61.0,4.2,5.799092654460526,6.740519359606223,10.300483565552913,0.8603332095168561,0.9414267051456973,Qualified,1
44.0,4.2,9.546812608597396,10.126631103850338,10.719714825653304,0.9427431996577338,0.5798184952529422,Qualified,1
78.0,4.4,5.736572297479192,7.244941546337007,12.964478400427152,0.7918038069443865,1.5083692488578144,Qualified,1
62.0,4.1,5.575949103146316,6.551080335043404,6.111467339502679,0.8511495536574537,0.9751312318970884,Qualified,1
47.0,4.3,8.987196820661973,9.615205300012315,6.126869184114185,0.9346859001180622,0.628008479350342,Qualified,1
47.0,4.2,7.3777589082278725,8.006367567650246,7.911324018963352,0.9214864101465603,0.6286086594223734,Qualified,1
69.0,4.3,5.393627546352361,6.55250788703459,9.90618391408387,0.8231394207132052,1.158880340682229,Qualified,1
61.0,4.5,5.857933154483459,6.802394763324311,5.0106352940962555,0.8611574832538392,0.944461608840852,Good,2
42.0,4.1,5.857933154483459,6.396929655216146,5.351858133476067,0.9157413744118349,0.5389965007326873,Qualified,1
37.0,4.2,10.203592144986466,10.668955394675699,10.719714825653304,0.9563815544751954,0.4653632496892328,Qualified,1
77.0,4.0,4.7535901911063645,6.214608098422191,8.953252164609035,0.7649058662787183,1.461017907315827,Qualified,1
60.0,4.1,5.991464547107982,6.907755278982137,7.484930283289661,0.8673533304426542,0.9162907318741551,Qualified,1
60.0,4.1,5.298317366548036,6.214608098422191,6.401917196727186,0.8525585656629274,0.9162907318741551,Qualified,1
55.0,4.0,5.19295685089021,5.991464547107982,7.261225091971921,0.8667257913420847,0.7985076962177713,Qualified,1
65.0,4.1,9.296701537624227,10.341452118734878,5.988961416889864,0.8989744796847291,1.0447505811106517,Qualified,1
58.0,3.9,5.3471075307174685,6.214608098422191,6.285998094508865,0.8604094491614089,0.867500567704723,Bad,0
64.0,4.0,7.268920128193722,8.294049640102028,3.4965075614664802,0.8764018113718819,1.0251295119083057,Qualified,1
64.0,4.2,5.991464547107982,7.003065458786462,10.096996298720647,0.8555488424845058,1.0116009116784799,Qualified,1
44.0,4.0,4.941642422609304,5.521460917862246,9.146228426508939,0.8949882098454784,0.5798184952529422,Qualified,1
62.0,3.4,8.895629627136483,9.858803944909488,6.805722553416985,0.9023031269152754,0.9631743177730048,Bad,0
63.0,4.4,5.703782474656201,6.684611727667927,10.267852849758867,0.8532705723277798,0.9808292530117262,Qualified,1
75.0,4.2,5.786897381366708,7.170119543449628,9.266437111328052,0.8070852021781724,1.3832221620829204,Qualified,1
25.0,4.2,10.308952660644293,10.596634733096073,8.895492631451633,0.9728515628123641,0.2876820724517799,Qualified,1
32.0,4.3,10.239959789157341,10.621107809394994,8.456168489578463,0.9641140992938133,0.38114802023765293,Qualified,1
41.0,4.3,10.327706173643904,10.876177521259402,8.869257522797287,0.9495713134009247,0.5484713476154983,Qualified,1
80.0,4.5,5.298317366548036,6.907755278982137,4.852030263919617,0.7670099985546603,1.6094379124341005,Good,2
68.0,4.2,6.476972362889683,7.600902459542082,10.096996298720647,0.8521320195023118,1.1239300966523995,Qualified,1
66.0,3.6,5.598421958998375,6.68586094706836,9.2237500588861,0.8373524372284756,1.0874389880699846,Bad,0
22.0,4.2,10.126631103850338,10.373491181781864,10.460242108190519,0.9762027967628616,0.24686007793152598,Qualified,1
57.0,4.2,5.703782474656201,6.551080335043404,11.454914923466722,0.8706628804634267,0.8472978603872034,Qualified,1
80.0,4.1,5.298317366548036,6.907755278982137,6.054439346269371,0.7670099985546603,1.6094379124341005,Qualified,1
54.0,4.2,9.851720461714246,10.621107809394994,8.803874763534434,0.9275605368584828,0.7693873476807482,Qualified,1
17.0,3.7,5.673323267171493,5.857933154483459,7.589841512182657,0.968485490966951,0.18460988731196615,Bad,0
69.0,3.8,5.521460917862246,6.684611727667927,6.984716320118265,0.8259957560449854,1.163150809805681,Bad,0
65.0,3.7,5.846438775057724,6.907755278982137,7.001245622069476,0.8463586995975921,1.061316503924413,Bad,0
42.0,4.5,7.003065458786462,7.549609165154532,10.017753298664472,0.9276063575726992,0.5465437063680705,Good,2
52.0,4.1,6.579251212010101,7.313220387090301,6.952728644624869,0.899638034103848,0.7339691750802002,Qualified,1
77.0,4.3,5.857933154483459,7.313220387090301,8.329899292995725,0.8010059651455609,1.4552872326068425,Qualified,1
53.0,4.3,6.745236349484362,7.501082124259871,8.786914938491025,0.899235102048681,0.7558457747755094,Qualified,1
67.0,4.0,5.703782474656201,6.802394763324311,7.370860166536716,0.8384962462644228,1.09861228866811,Qualified,1
27.0,4.2,9.998797732340453,10.308952660644293,10.399433013772667,0.9699140214807761,0.31015492830383984,Qualified,1
65.0,4.2,5.857933154483459,6.907755278982137,9.481969279105716,0.8480226814500919,1.0498221244986778,Qualified,1
60.0,4.3,5.991464547107982,6.907755278982137,7.939871576361883,0.8673533304426542,0.9162907318741551,Qualified,1
65.0,4.2,6.1092475827643655,7.170119543449628,10.096996298720647,0.8520426396998585,1.0608719606852626,Qualified,1
70.0,4.3,5.703782474656201,6.907755278982137,6.642486801367256,0.8257070849065542,1.203972804325936,Qualified,1
42.0,4.3,10.327706173643904,10.889878985510414,8.185350223178686,0.9483765785997703,0.5621728118665104,Qualified,1
88.0,3.9,4.605170185988092,6.68586094706836,10.12149795173859,0.6887923967379823,2.080690761080268,Bad,0
63.0,4.1,8.908018322784887,9.90353755128617,7.856319571406588,0.8994784213877196,0.9955192285012835,Qualified,1
73.0,4.3,5.61349300330874,6.907755278982137,9.94515718770752,0.8126363451798329,1.2942622756733968,Qualified,1
33.0,4.3,9.679781342959442,10.085434038999999,6.943122422819428,0.9597783601110361,0.40565269604055665,Qualified,1
60.0,4.1,5.991464547107982,6.907755278982137,7.484930283289661,0.8673533304426542,0.9162907318741551,Qualified,1
80.0,4.5,5.991464547107982,7.600902459542082,6.226536669287466,0.7882569969815056,1.6094379124341005,Good,2
47.0,4.1,5.351858133476067,5.991464547107982,7.4489161025442,0.8932470669561674,0.6396064136319151,Qualified,1
35.0,3.6,7.170119543449628,7.600902459542082,6.3818160174060985,0.9433247672384409,0.4307829160924541,Bad,0
65.0,3.5,5.8522024797744745,6.907755278982137,7.022868086082641,0.8471930813155271,1.0555527992076623,Bad,0
85.0,4.0,5.0106352940962555,6.907755278982137,7.1808311990445555,0.7253637530185604,1.8971199848858813,Qualified,1
75.0,3.8,5.43372200355424,6.802394763324311,4.890349128221754,0.7987954525736456,1.368672759770071,Bad,0
20.0,4.4,7.3777589082278725,7.600902459542082,7.5766097669730375,0.9706424924537641,0.2231435513142097,Qualified,1
63.0,3.7,7.313220387090301,8.294049640102028,3.6375861597263857,0.88174302113296,0.9808292530117262,Bad,0
47.0,4.3,9.047821442478408,9.680344001221918,6.385194398997726,0.9346590825012346,0.6325225587435099,Qualified,1
53.0,4.1,9.951849053414007,10.714217748749789,7.138866999945524,0.9288451370680103,0.7623686953357822,Qualified,1
27.0,4.2,10.327706173643904,10.714417768752456,10.719714825653304,0.9639073626346399,0.3867115951085527,Qualified,1
53.0,4.1,6.684611727667927,7.438971592395862,10.26252470426388,0.8985935279684301,0.7543598647279346,Qualified,1
62.0,4.3,5.438079308923196,6.39024066706535,9.460009002229748,0.8509975746219548,0.9521613581421544,Qualified,1
64.0,4.2,9.210340371976184,10.239638308916676,7.146772179452637,0.8994790728062944,1.0292979369404929,Qualified,1
42.0,4.2,5.857933154483459,6.396929655216146,5.652489180268651,0.9157413744118349,0.5389965007326873,Qualified,1
59.0,4.4,6.194405391104672,7.0909098220799835,11.149643025245629,0.8735699009760726,0.8965044309753116,Qualified,1
31.0,4.3,10.085809109330082,10.462846164547514,8.456168489578463,0.9639641977634164,0.377037055217432,Qualified,1
60.0,4.3,5.991464547107982,6.907755278982137,7.939871576361883,0.8673533304426542,0.9162907318741551,Qualified,1
73.0,4.0,5.857933154483459,7.170119543449628,8.100464891029363,0.8169923972655467,1.3121863889661691,Qualified,1
40.0,3.9,5.19295685089021,5.703782474656201,4.406719247264253,0.9104409002209046,0.5108256237659905,Bad,0
54.0,4.2,6.536691597591305,7.313886831633462,10.65258964524052,0.8937370440733794,0.7771952340421571,Qualified,1
38.0,4.3,10.327706173643904,10.819598268208338,7.227662498728655,0.9545369354415144,0.4918920945644345,Qualified,1
73.0,3.9,5.521460917862246,6.837332814685591,6.98100574072173,0.8075460223324152,1.315871896823345,Bad,0
58.0,4.6,6.907755278982137,7.783224016336037,8.206583614320753,0.8875184967673553,0.8754687373539003,Good,2
0.0,3.9,5.991464547107982,5.991464547107982,7.5766097669730375,1.0,0.0,Bad,0
50.0,4.3,5.857933154483459,6.551080335043404,9.94515718770752,0.894193454344908,0.6931471805599454,Qualified,1
64.0,4.1,5.991464547107982,7.003065458786462,7.895808377083183,0.8555488424845058,1.0116009116784799,Qualified,1
43.0,4.4,7.438383530044307,8.006367567650246,10.117832509493988,0.9290584609304124,0.5679840376059389,Qualified,1
40.0,3.2,6.486160788944089,7.003065458786462,5.655991810819852,0.9261887993358917,0.5169046698423729,Bad,0
44.0,4.2,6.620073206530356,7.200424892944957,12.099005118201022,0.9194003555285696,0.580351686414601,Qualified,1
23.0,4.2,9.210340371976184,9.472704636443673,8.714239143608575,0.9723031304641218,0.2623642644674895,Qualified,1
61.0,3.7,5.278114659230518,6.214608098422191,7.232733136177615,0.8493077239368582,0.9364934391916737,Bad,0
52.0,4.5,6.907755278982137,7.650168700845001,8.61122983334262,0.9029546339571753,0.7424134218628637,Good,2
44.0,4.2,6.214608098422191,6.802394763324311,6.824373670043086,0.9135912152480151,0.5877866649021195,Qualified,1
31.0,4.2,6.0330862217988015,6.396929655216146,10.309752340814857,0.9431221768836145,0.3638434334173448,Qualified,1
47.0,4.2,5.910796644040527,6.551080335043404,5.961005339623274,0.9022628851644765,0.6402836910028773,Qualified,1
54.0,4.1,10.30865261563529,10.889878985510414,5.356586274672012,0.946626921139484,0.5812263698751234,Qualified,1
69.0,4.3,5.8289456176102075,7.003065458786462,6.882437470997847,0.8323420153522721,1.1741198411762541,Qualified,1
26.0,4.3,9.648014489106362,9.94755228369823,9.698920386794853,0.9698882915063698,0.2995377945918669,Qualified,1
62.0,4.3,6.214608098422191,7.170119543449628,10.322592546348327,0.866737027292612,0.9555114450274367,Qualified,1
38.0,3.4,5.521460917862246,5.991464547107982,8.443115988019922,0.9215544671006021,0.4700036292457357,Bad,0
50.0,4.3,5.991464547107982,6.684611727667927,3.071170165610618,0.8963070393915362,0.6931471805599454,Qualified,1
25.0,4.4,7.313220387090301,7.600902459542082,7.5766097669730375,0.9621515900272305,0.2876820724517808,Qualified,1
41.0,3.9,9.158099260130491,9.679781342959442,9.257319373170178,0.9461060054617458,0.521682082828951,Bad,0
58.0,4.1,6.45833828334479,7.313220387090301,3.2188758248682006,0.8831045615342598,0.8548821037455117,Qualified,1
56.0,3.9,5.991464547107982,6.802394763324311,5.541263545158426,0.8807875396193516,0.8109302162163292,Bad,0
32.0,4.0,6.993932975223189,7.3783837129967145,8.179199798423086,0.9478949926260501,0.3844507377735251,Qualified,1
66.0,4.3,5.8289456176102075,6.907755278982137,8.741296282225147,0.8438263056807518,1.0788096613719294,Qualified,1
70.0,4.0,5.0106352940962555,6.214608098422191,8.953252164609035,0.8062673003255654,1.203972804325936,Qualified,1
63.0,3.9,5.0106352940962555,5.991464547107982,4.060443010546419,0.8362955759314036,0.9808292530117262,Bad,0
29.0,4.5,6.396929655216146,6.745236349484362,6.359573868672378,0.94836256637696,0.34830669426821537,Good,2
75.0,3.9,5.703782474656201,7.090076835776092,7.085064293952548,0.8044740003204571,1.3862943611198908,Bad,0
69.0,4.2,5.991464547107982,7.170119543449628,9.481969279105716,0.8356157119558174,1.1786549963416464,Qualified,1
83.0,4.0,5.8289456176102075,7.600902459542082,5.840641657373398,0.7668754662536971,1.7719568419318747,Qualified,1
46.0,4.3,9.433483923290392,10.042858113983936,7.385230923066573,0.9393226326831169,0.6093741906935435,Qualified,1
38.0,4.0,5.521460917862246,5.991464547107982,8.788593431293735,0.9215544671006021,0.4700036292457357,Qualified,1
44.0,4.4,7.24422751560335,7.824046010856292,10.050613617426421,0.9258927549188217,0.5798184952529422,Qualified,1
31.0,4.3,10.327706173643904,10.778768772309705,8.456168489578463,0.9581526788268651,0.4510625986658017,Qualified,1
63.0,4.0,5.0106352940962555,5.991464547107982,7.261225091971921,0.8362955759314036,0.9808292530117262,Qualified,1
67.0,4.3,5.786897381366708,6.907755278982137,7.883069351305753,0.8377392000226463,1.120857897615429,Qualified,1
80.0,5.0,5.991464547107982,7.600902459542082,3.071170165610618,0.7882569969815056,1.6094379124341005,Good,2
60.0,3.7,5.298317366548036,6.214608098422191,6.418364935936212,0.8525585656629274,0.9162907318741551,Bad,0
71.0,4.0,4.48863636973214,5.703782474656201,9.146228426508939,0.78695784589904,1.2151461049240613,Qualified,1
64.0,4.1,5.991464547107982,7.003065458786462,7.895808377083183,0.8555488424845058,1.0116009116784799,Qualified,1
71.0,4.0,4.07567129695648,5.298317366548036,9.146228426508939,0.769238800734933,1.2226460695915566,Qualified,1
60.0,3.3,6.684611727667927,7.600902459542082,6.3578422665081,0.8794497447176348,0.9162907318741551,Bad,0
59.0,3.8,5.327876168789581,6.214608098422191,5.749392985908253,0.8573149077803088,0.8867319296326102,Bad,0
57.0,4.1,5.703782474656201,6.551080335043404,7.992268643270745,0.8706628804634267,0.8472978603872034,Qualified,1
15.0,4.1,6.745236349484362,6.907755278982137,8.81537000096066,0.9764729752380975,0.16251892949777513,Qualified,1
53.0,4.4,6.856461984594587,7.600902459542082,9.514363204016016,0.9020589359079416,0.7444404749474955,Qualified,1
58.0,4.3,6.214608098422191,7.0909098220799835,8.603737792816423,0.8764190004321977,0.8763017236577921,Qualified,1
38.0,4.3,5.703782474656201,6.186208623900494,9.297618380083243,0.9220158616409357,0.4824261492442927,Qualified,1
53.0,4.4,6.856461984594587,7.600902459542082,9.514363204016016,0.9020589359079416,0.7444404749474955,Qualified,1
66.0,4.3,5.940171252720432,7.003065458786462,7.939871576361883,0.8482244365240853,1.06289420606603,Qualified,1
53.0,3.9,9.103979355984773,9.851720461714246,5.860786223465865,0.924100454470329,0.7477411057294727,Bad,0
76.0,4.2,6.18826412308259,7.600902459542082,10.309752340814857,0.8141486035403489,1.4126383364594925,Qualified,1
48.0,4.2,8.648221453822641,9.305741456739435,8.295049140435111,0.9293425455700145,0.6575200029167938,Qualified,1
65.0,4.1,6.565264970035361,7.600902459542082,12.09412380779549,0.8637480884646015,1.0356374895067209,Qualified,1
32.0,4.3,10.327706173643904,10.889878985510414,8.869257522797287,0.9483765785997703,0.5621728118665104,Qualified,1
75.0,3.7,5.703782474656201,7.090076835776092,6.19644412779452,0.8044740003204571,1.3862943611198908,Bad,0
47.0,4.1,5.771441123130016,6.396929655216146,6.198478716492308,0.902220507993847,0.6254885320861305,Qualified,1
75.0,3.9,4.941642422609304,6.309918278226516,4.127134385045092,0.7831547422192948,1.3682758556172123,Bad,0
48.0,4.0,4.867534450455582,5.521460917862246,9.146228426508939,0.8815664047732052,0.6539264674066638,Qualified,1
31.0,4.2,10.126631103850338,10.491274217438248,10.399433013772667,0.965243200584557,0.3646431135879098,Qualified,1
41.0,4.4,6.907755278982137,7.438383530044307,8.898228985601227,0.9286634994123502,0.5306282510621703,Qualified,1
55.0,4.1,5.420534999272286,6.214608098422191,6.672032945461067,0.8722247506883805,0.7940730991499052,Qualified,1
82.0,4.3,6.306275286948016,8.006367567650246,6.0112671744041615,0.7876574780838869,1.70009228070223,Qualified,1
63.0,3.8,5.560681631015528,6.551080335043404,7.783224016336037,0.8488190262711357,0.9903987040278768,Bad,0
66.0,4.4,5.480638923341991,6.551080335043404,7.878912912297132,0.8366007807940702,1.0704414117014132,Qualified,1
65.0,4.0,5.857933154483459,6.907755278982137,6.733401891837359,0.8480226814500919,1.0498221244986778,Qualified,1
22.0,4.4,6.148468295917647,6.396929655216146,10.69319413230083,0.9611592791088612,0.24846135929849922,Qualified,1
25.0,4.0,6.1092475827643655,6.396929655216146,8.080856419640986,0.9550281012990035,0.2876820724517808,Qualified,1
63.0,4.2,9.391911647379434,10.373209892223665,4.174387269895637,0.9054007144326784,0.9812982448442309,Qualified,1
42.0,3.9,5.860786223465865,6.396929655216146,9.025816391627028,0.9161873804078646,0.5361434317502809,Bad,0
75.0,3.7,5.53338948872752,6.907755278982137,7.718685495198466,0.8010401737252727,1.3743657902546165,Bad,0
66.0,3.6,5.3230099791384085,6.396929655216146,5.8289456176102075,0.8321195113968388,1.0739196760777379,Bad,0
35.0,4.0,8.778171881033469,9.209439966733019,3.332204510175204,0.9531710845331088,0.4312680856995499,Qualified,1
61.0,3.5,5.4638318050256105,6.396929655216146,5.288267030694535,0.8541334827045229,0.9330978501905358,Bad,0
63.0,4.5,5.703782474656201,6.68586094706836,11.224950016154477,0.853111143024477,0.9820784724121587,Good,2
60.0,4.2,6.684611727667927,7.600902459542082,9.057655284310535,0.8794497447176348,0.9162907318741551,Qualified,1
70.0,3.8,5.703782474656201,6.907755278982137,6.834108738813838,0.8257070849065542,1.203972804325936,Bad,0
59.0,3.8,8.85366542803745,9.740439071085758,4.709530201312334,0.9089595821526493,0.8867736430483077,Bad,0
28.0,4.1,10.327706173643904,10.889878985510414,8.817890200945513,0.9483765785997703,0.5621728118665104,Qualified,1
83.0,4.3,5.159055299214529,6.907755278982137,7.121252453244542,0.7468497494275332,1.7486999797676077,Qualified,1
65.0,4.4,5.3471075307174685,6.398594934535208,9.84548760823814,0.8356690156861573,1.051487403817739,Qualified,1
43.0,3.9,6.745224584709275,7.307202314764738,5.877735781779639,0.92309262754092,0.5619777300554629,Bad,0
68.0,4.2,6.476972362889683,7.600902459542082,10.096996298720647,0.8521320195023118,1.1239300966523995,Qualified,1
67.0,3.8,5.703782474656201,6.802394763324311,6.054439346269371,0.8384962462644228,1.09861228866811,Bad,0
50.0,4.1,5.991464547107982,6.684611727667927,7.057897937411856,0.8963070393915362,0.6931471805599454,Qualified,1
50.0,4.1,5.521460917862246,6.214608098422191,7.319202458767849,0.8884648606022435,0.6931471805599454,Qualified,1
46.0,4.3,7.1308988302963465,7.7406644019172415,8.940760134888384,0.9212256803860576,0.609765571620895,Qualified,1
57.0,3.7,5.365976015021851,6.214608098422191,5.5093883366279774,0.8634455994713814,0.8486320834003402,Bad,0
58.0,4.0,5.3471075307174685,6.214608098422191,6.173786103901937,0.8604094491614089,0.867500567704723,Qualified,1
88.0,4.2,6.395261598115449,8.517193191416238,6.814542897259958,0.7508649216223832,2.121931593300789,Qualified,1
54.0,4.1,6.684611727667927,7.4673710669175595,8.635331719433278,0.895176048942115,0.7827593392496324,Qualified,1
73.0,4.3,5.075173815233827,6.39024066706535,9.559940347242952,0.7942069915129732,1.3150668518315234,Qualified,1
55.0,4.4,6.214608098422191,7.00397413672268,10.133725876326205,0.8872974081726335,0.7893660383004883,Qualified,1
36.0,4.3,10.327706173643904,10.819778284410283,9.964253340858692,0.9545210541443919,0.49207211076637947,Qualified,1
42.0,4.3,10.327706173643904,10.889878985510414,6.342121418721152,0.9483765785997703,0.5621728118665104,Qualified,1
75.0,3.5,5.703782474656201,7.090076835776092,6.1463292576688975,0.8044740003204571,1.3862943611198908,Bad,0
77.0,3.9,4.86221262230776,6.309918278226516,4.127134385045092,0.7705666552110003,1.4477056559187558,Bad,0
29.0,4.5,6.396929655216146,6.745236349484362,6.163314804034641,0.94836256637696,0.34830669426821537,Good,2
56.0,3.4,5.991464547107982,6.802394763324311,6.068425588244111,0.8807875396193516,0.8109302162163292,Bad,0
59.0,4.0,6.1092475827643655,7.003065458786462,5.493061443340548,0.8723676251089929,0.8938178760220961,Qualified,1
68.0,4.0,5.541263545158426,6.684611727667927,7.974532844130228,0.8289581760183424,1.1433481825095013,Qualified,1
50.0,4.4,5.991464547107982,6.679599185844383,9.40029935589935,0.896979651085245,0.6881346387364013,Qualified,1
55.0,4.0,5.19295685089021,5.991464547107982,7.261225091971921,0.8667257913420847,0.7985076962177713,Qualified,1
66.0,4.3,5.8289456176102075,6.907755278982137,8.741296282225147,0.8438263056807518,1.0788096613719294,Qualified,1
60.0,4.0,5.991464547107982,6.907755278982137,7.1204443723924875,0.8673533304426542,0.9162907318741551,Qualified,1
50.0,4.2,5.298317366548036,5.991464547107982,7.197435354096591,0.8843108934201204,0.6931471805599454,Qualified,1
83.0,3.8,5.857933154483459,7.600902459542082,5.288267030694535,0.7706891629860977,1.7429693050586232,Bad,0
63.0,4.4,5.703782474656201,6.683360945766275,10.267852849758867,0.8534302607536692,0.9795784711100737,Qualified,1
89.0,3.9,4.499809670330265,6.68586094706836,6.98100574072173,0.6730336909419807,2.1860512767380946,Bad,0
45.0,4.2,6.309918278226516,6.903747257584598,10.300483565552913,0.9139845424228575,0.593828979358082,Qualified,1
87.0,3.9,4.867534450455582,6.90875477931522,5.69035945432406,0.7045458416079491,2.0412203288596382,Bad,0
44.0,4.7,10.327706173643904,10.889878985510414,8.688790784847216,0.9483765785997703,0.5621728118665104,Good,2
56.0,3.6,5.857933154483459,6.684611727667927,5.780743515792329,0.8763311009130409,0.8266785731844681,Bad,0
44.0,3.7,6.214608098422191,6.802394763324311,5.225746673713202,0.9135912152480151,0.5877866649021195,Bad,0
63.0,4.2,5.703782474656201,6.684611727667927,7.658227526161352,0.8532705723277798,0.9808292530117262,Qualified,1
70.0,4.0,5.209486152841421,6.396929655216146,9.146228426508939,0.8143728997541083,1.187443502374725,Qualified,1
76.0,3.6,4.574710978503383,5.991464547107982,7.493873886783559,0.7635380202177027,1.416753568604599,Bad,0
35.0,4.3,10.327706173643904,10.889878985510414,8.185350223178686,0.9483765785997703,0.5621728118665104,Qualified,1
42.0,4.2,6.0867747269123065,6.6320017773956295,8.365672383774996,0.91778846436054,0.545227050483323,Qualified,1
70.0,4.3,5.703782474656201,6.907755278982137,7.883069351305753,0.8257070849065542,1.203972804325936,Qualified,1
63.0,4.2,5.703782474656201,6.684611727667927,11.454914923466722,0.8532705723277798,0.9808292530117262,Qualified,1
61.0,4.2,6.672032945461067,7.600902459542082,10.44990230322135,0.8777948383070061,0.9288695140810148,Qualified,1
57.0,4.4,5.703782474656201,6.55250788703459,9.07280095795412,0.8704731948422745,0.8487254123783892,Qualified,1
70.0,4.2,5.786897381366708,7.003065458786462,9.266437111328052,0.8263377538626492,1.2161680774197539,Qualified,1
35.0,4.4,7.170119543449628,7.600902459542082,8.898228985601227,0.9433247672384409,0.4307829160924541,Qualified,1
60.0,3.0,6.673297967767654,7.600902459542082,4.6443908991413725,0.8779612688477637,0.9276044917744279,Bad,0
0.0,4.5,8.45531778769815,8.45531778769815,5.41610040220442,1.0,0.0,Good,2
24.0,4.3,9.852194258148577,10.126271039034782,8.455955881945048,0.9729340860194545,0.2740767808862046,Qualified,1
80.0,4.2,5.298317366548036,6.907755278982137,4.454347296253507,0.7670099985546603,1.6094379124341005,Qualified,1
59.0,4.4,5.598421958998375,6.478509642208569,10.487879573259036,0.8641527555232339,0.8800876832101938,Qualified,1
36.0,4.0,7.596392304064196,8.03947991910045,6.8001700683022,0.9448860349805027,0.44308761503625327,Qualified,1
43.0,3.8,7.7406644019172415,8.294049640102028,5.645446897643238,0.933279246906222,0.5533852381847861,Bad,0
28.0,4.3,10.327706173643904,10.819598268208338,7.385230923066573,0.9545369354415144,0.4918920945644345,Qualified,1
65.0,4.2,5.857933154483459,6.907755278982137,6.2422232654551655,0.8480226814500919,1.0498221244986778,Qualified,1
52.0,4.1,6.579251212010101,7.313220387090301,6.952728644624869,0.899638034103848,0.7339691750802002,Qualified,1
53.0,4.0,9.104979856318357,9.852194258148577,8.7558950816463,0.92415756508128,0.7472144018302203,Qualified,1
60.0,4.2,6.822197390620491,7.7406644019172415,8.101980731853192,0.8813451967935387,0.9184670112967508,Qualified,1
60.0,3.3,5.991464547107982,6.907755278982137,3.1780538303479458,0.8673533304426542,0.9162907318741551,Bad,0
34.0,4.3,10.327706173643904,10.889878985510414,8.869257522797287,0.9483765785997703,0.5621728118665104,Qualified,1
60.0,3.8,4.787491742782046,5.703782474656201,3.9512437185814275,0.8393538435335606,0.9162907318741551,Bad,0
27.0,4.2,9.998797732340453,10.308952660644293,10.399433013772667,0.9699140214807761,0.31015492830383984,Qualified,1
50.0,3.7,5.703782474656201,6.396929655216146,6.5638555265321274,0.891643770071046,0.6931471805599454,Bad,0
37.0,4.3,9.998388557730848,10.462846164547514,7.4133673356952405,0.955608865932633,0.4644576068166657,Qualified,1
38.0,3.9,6.03653351047556,6.508769136971682,6.261491684321042,0.927446247276818,0.47223562649612205,Bad,0
80.0,3.0,5.298317366548036,6.907755278982137,8.55256033525353,0.7670099985546603,1.6094379124341005,Bad,0
40.0,4.3,10.327706173643904,10.889878985510414,7.227662498728655,0.9483765785997703,0.5621728118665104,Qualified,1
57.0,3.5,5.375278407684165,6.214608098422191,4.804021044733257,0.8649424585677219,0.8393296907380261,Bad,0
88.0,3.9,4.605170185988092,6.68586094706836,6.98100574072173,0.6887923967379823,2.080690761080268,Bad,0
46.0,4.0,9.852194258148577,10.463131911491967,6.90975328164481,0.94161044145182,0.6109376533433899,Qualified,1
75.0,4.3,5.521460917862246,6.907755278982137,4.727387818712341,0.7993133362240125,1.3862943611198908,Qualified,1
50.0,3.8,8.987196820661973,9.680344001221918,8.014004994779459,0.9283964309044749,0.6931471805599454,Bad,0
59.0,4.3,6.476972362889683,7.3783837129967145,8.603737792816423,0.8778307844685235,0.9014113501070318,Qualified,1
48.0,3.3,7.162397497355718,7.824046010856292,4.304065093204169,0.9154339695111071,0.6616485135005741,Bad,0
59.0,4.5,6.413458957167357,7.313886831633462,6.937314081223682,0.8768879126524568,0.9004278744661045,Good,2
40.0,4.1,10.327706173643904,10.889878985510414,7.349873704738337,0.9483765785997703,0.5621728118665104,Qualified,1
70.0,4.2,6.396929655216146,7.600902459542082,3.8712010109078907,0.8416013347448653,1.203972804325936,Qualified,1
61.0,4.1,5.857933154483459,6.802394763324311,9.608915129379593,0.8611574832538392,0.944461608840852,Qualified,1
41.0,4.4,10.308952660644293,10.839580911706463,7.44600149832412,0.9510471617505889,0.5306282510621703,Qualified,1
50.0,4.2,5.298317366548036,5.991464547107982,7.197435354096591,0.8843108934201204,0.6931471805599454,Qualified,1
50.0,3.9,5.857933154483459,6.551080335043404,5.3706380281276624,0.894193454344908,0.6931471805599454,Bad,0
59.0,4.0,7.523481312573497,8.412054873292933,5.220355825078325,0.8943690246790319,0.8885735607194354,Qualified,1
52.0,4.5,9.546169544733285,10.27163147557801,3.071170165610618,0.9293722781459212,0.725461930844725,Good,2
71.0,3.7,4.867534450455582,6.1092475827643655,3.7376696182833684,0.7967485986634507,1.2417131323087833,Bad,0
62.0,4.2,5.940171252720432,6.907755278982137,9.4054136126953,0.8599278655389367,0.9675840262617053,Qualified,1
63.0,4.2,5.225746673713202,6.214608098422191,3.258096538021482,0.8408811289387582,0.9888614247089897,Qualified,1
78.0,4.2,5.389071729816501,6.907755278982137,5.099866427824199,0.7801480382800395,1.5186835491656359,Qualified,1
80.0,4.3,5.298317366548036,6.907755278982137,4.477336814478207,0.7670099985546603,1.6094379124341005,Qualified,1
45.0,4.4,6.214608098422191,6.803505257608338,7.680637427560936,0.9134420953775872,0.5888971591861463,Qualified,1
37.0,4.2,10.203592144986466,10.668955394675699,7.32052696227274,0.9563815544751954,0.4653632496892328,Qualified,1
15.0,4.3,6.795705775173515,6.959398512133975,4.672828834461906,0.9764788958880489,0.16369273696046083,Qualified,1
45.0,3.7,9.3048320350689,9.903037451255743,4.867534450455582,0.9395937439264164,0.5982054161868433,Bad,0
66.0,4.3,5.940171252720432,7.003065458786462,8.022896869601457,0.8482244365240853,1.06289420606603,Qualified,1
35.0,4.2,9.740968623038354,10.165851817003619,10.399433013772667,0.9582048605848655,0.42488319396526464,Qualified,1
63.0,4.4,6.551080335043404,7.549609165154532,5.968707559985366,0.8677376790947179,0.9985288301111277,Qualified,1
23.0,3.5,7.90100705199242,8.160803920954665,6.432940092739179,0.9681652847588754,0.25979686896224496,Bad,0
78.0,4.1,4.867534450455582,6.396929655216146,5.583496308781699,0.7609173013941972,1.5293952047605641,Qualified,1
61.0,4.3,5.966146739123692,6.907755278982137,6.732210706467206,0.8636882023421665,0.9416085398584446,Qualified,1
59.0,4.2,5.5093883366279774,6.398594934535208,4.969813299576001,0.8610309596083501,0.8892065979072301,Qualified,1
63.0,4.0,5.703782474656201,6.684611727667927,5.0238805208462765,0.8532705723277798,0.9808292530117262,Qualified,1
38.0,3.9,5.5134287461649825,5.991464547107982,5.303304908059076,0.9202138647096323,0.47803580094299924,Bad,0
54.0,3.3,7.222566018822171,8.006367567650246,5.429345628954441,0.9021027273347995,0.783801548828075,Bad,0
60.0,3.8,5.298317366548036,6.214608098422191,6.289715570908998,0.8525585656629274,0.9162907318741551,Bad,0
50.0,4.0,5.703782474656201,6.396929655216146,5.147494476813453,0.891643770071046,0.6931471805599454,Qualified,1
0.0,4.3,9.615805480084347,9.615805480084347,10.222268502839897,1.0,0.0,Qualified,1
57.0,3.9,5.703782474656201,6.551080335043404,7.282761179605593,0.8706628804634267,0.8472978603872034,Bad,0
52.0,4.2,10.126271039034782,10.858825905660948,7.990238185720363,0.9325382989845827,0.7325548666261668,Qualified,1
75.0,5.0,5.521460917862246,6.907755278982137,8.55256033525353,0.7993133362240125,1.3862943611198908,Good,2
11.0,4.1,10.327706173643904,10.889878985510414,8.817890200945513,0.9483765785997703,0.5621728118665104,Qualified,1
51.0,3.9,10.106428396532818,10.819798284210286,8.165932137321585,0.9340680973028385,0.7133698876774677,Bad,0
46.0,4.2,9.259130536145614,9.878169744551839,7.32052696227274,0.9373326006320506,0.6190392084062246,Qualified,1
65.0,4.3,5.857933154483459,6.907755278982137,6.732210706467206,0.8480226814500919,1.0498221244986778,Qualified,1
61.0,3.8,5.288267030694535,6.214608098422191,4.919980925828125,0.8509413541357753,0.9263410677276562,Bad,0
48.0,4.3,7.170119543449628,7.824046010856292,5.71042701737487,0.916420932788572,0.6539264674066638,Qualified,1
20.0,4.4,7.326465613840322,7.549609165154532,9.891617379965641,0.9704430326878196,0.2231435513142097,Qualified,1
33.0,4.3,10.327706173643904,10.889878985510414,9.964253340858692,0.9483765785997703,0.5621728118665104,Qualified,1
63.0,4.3,5.703782474656201,6.684611727667927,7.551186867296149,0.8532705723277798,0.9808292530117262,Qualified,1
91.0,4.2,7.495541943884256,9.903487552536127,9.542374201998465,0.7568588241386507,2.407945608651871,Qualified,1
80.0,4.3,7.6004023345004,9.210340371976184,10.229079383061112,0.8252031985295292,1.609938037475784,Qualified,1
75.0,3.8,7.600902459542082,8.986071187374463,9.788749875065704,0.8458537998476398,1.3851687278323812,Bad,0
7.0,4.3,7.6255950721324535,7.696212639346407,12.094654933150762,0.9908243742054468,0.07061756721395351,Qualified,1
28.0,4.0,8.779557455883728,9.104979856318357,8.962904128092928,0.9642588555307122,0.3254224004346291,Qualified,1
0.0,4.3,10.275051108968611,10.275051108968611,9.765144602914383,1.0,0.0,Qualified,1
0.0,4.3,10.275051108968611,10.275051108968611,9.765144602914383,1.0,0.0,Qualified,1
28.0,4.0,8.779557455883728,9.104979856318357,8.962904128092928,0.9642588555307122,0.3254224004346291,Qualified,1
28.0,4.0,8.779557455883728,9.104979856318357,8.962904128092928,0.9642588555307122,0.3254224004346291,Qualified,1
43.0,4.4,6.345636360828596,6.90875477931522,11.11632098529426,0.9184920529857857,0.5631184184866243,Qualified,1
62.0,4.1,7.549082710812286,8.517193191416238,9.27706400401909,0.8863345636471379,0.9681104806039524,Qualified,1
19.0,4.0,7.170119543449628,7.3777589082278725,11.762220077017213,0.9718560382141683,0.2076393647782444,Qualified,1
79.0,3.9,7.313220387090301,8.852378886511985,9.989527624628513,0.8261305216198057,1.539158499421684,Bad,0
40.0,4.1,6.396929655216146,6.907755278982137,12.168324048282367,0.9260504167945479,0.5108256237659905,Qualified,1
21.0,4.2,9.159047077588632,9.392661928770137,5.652489180268651,0.9751279399862213,0.23361485118150505,Qualified,1
76.0,3.9,6.396929655216146,7.824046010856292,10.971004692720294,0.8175986754602487,1.4271163556401456,Bad,0
25.0,4.0,9.104979856318357,9.392661928770137,9.456966047437597,0.9693716142842748,0.2876820724517799,Qualified,1
73.0,4.0,5.857933154483459,7.170119543449628,9.566825297862628,0.8169923972655467,1.3121863889661691,Qualified,1
65.0,4.1,5.857933154483459,6.907755278982137,12.804123123497913,0.8480226814500919,1.0498221244986778,Qualified,1
47.0,4.4,6.866933284461882,7.496097345175956,11.11632098529426,0.9160677841091582,0.629164060714074,Qualified,1
21.0,4.2,9.159047077588632,9.392661928770137,5.652489180268651,0.9751279399862213,0.23361485118150505,Qualified,1
40.0,4.3,7.313220387090301,7.824046010856292,9.67852985665631,0.9347108103585802,0.5108256237659905,Qualified,1
48.0,4.3,7.047517221357296,7.696212639346407,12.094654933150762,0.9157123836895181,0.6486954179891109,Qualified,1
65.0,3.9,5.857933154483459,6.907755278982137,10.745054738214346,0.8480226814500919,1.0498221244986778,Bad,0
28.0,4.4,7.106606137727303,7.438383530044307,9.092907275084087,0.9553965736000402,0.3317773923170044,Qualified,1
60.0,4.0,7.3777589082278725,8.294049640102028,10.317416739056421,0.8895243250722956,0.9162907318741551,Qualified,1
81.0,4.2,7.313220387090301,8.987196820661973,10.027341014703126,0.8137376462343493,1.6739764335716716,Qualified,1
29.0,4.1,9.825526011066415,10.165851817003619,10.013193612624185,0.9665226473822914,0.3403258059372032,Qualified,1
47.0,4.4,5.91350300563827,6.55250788703459,11.11632098529426,0.9024793418927864,0.6390048813963203,Qualified,1
28.0,4.1,9.472704636443673,9.798127036878302,9.85214162518454,0.966787285038273,0.3254224004346291,Qualified,1
91.0,4.2,7.495541943884256,9.903487552536127,9.542374201998465,0.7568588241386507,2.407945608651871,Qualified,1
78.0,4.2,7.696212639346407,9.210340371976184,10.291195939055033,0.8356056702055514,1.5141277326297766,Qualified,1
32.0,4.1,9.740968623038354,10.126631103850338,10.013193612624185,0.9619160136419557,0.38566248081198395,Qualified,1
21.0,4.0,9.711115659888671,9.95227771670556,9.968853855967382,0.9757681544183517,0.24116205681688818,Qualified,1
91.0,4.2,7.495541943884256,9.903487552536127,9.542374201998465,0.7568588241386507,2.407945608651871,Qualified,1
64.0,4.2,5.991464547107982,7.003065458786462,10.097037501003259,0.8555488424845058,1.0116009116784799,Qualified,1
23.0,4.1,9.047821442478408,9.305650551780507,12.656629021826786,0.9722932740846617,0.257829109302099,Qualified,1
24.0,4.1,8.779557455883728,9.047821442478408,12.656629021826786,0.9703504331622622,0.26826398659468076,Qualified,1
91.0,4.2,7.495541943884256,9.903487552536127,9.542374201998465,0.7568588241386507,2.407945608651871,Qualified,1
25.0,4.0,9.104979856318357,9.392661928770137,9.456966047437597,0.9693716142842748,0.2876820724517799,Qualified,1
72.0,4.3,4.941642422609304,6.206575926724928,9.560010841762033,0.7961946298491347,1.264933504115624,Qualified,1
76.0,4.3,8.294049640102028,9.740968623038354,9.750336373041954,0.851460461589598,1.4469189829363263,Qualified,1
50.0,4.1,8.00603417874901,8.699514748210191,8.55256033525353,0.9202851435358672,0.6934805694611814,Qualified,1
43.0,4.0,5.298317366548036,5.857933154483459,10.691808539965669,0.9044687310050453,0.5596157879354227,Qualified,1
18.0,4.1,9.648595302907339,9.852194258148577,9.865422171729335,0.9793346588682166,0.2035989552412385,Qualified,1
80.0,3.9,5.298317366548036,6.907755278982137,8.978282203272398,0.7670099985546603,1.6094379124341005,Bad,0
91.0,4.2,7.495541943884256,9.903487552536127,9.542374201998465,0.7568588241386507,2.407945608651871,Qualified,1
25.0,4.0,9.104979856318357,9.392661928770137,9.456966047437597,0.9693716142842748,0.2876820724517799,Qualified,1
49.0,4.4,6.773080375655535,7.438383530044307,7.427144133408616,0.9105581001972335,0.6653031543887717,Qualified,1
19.0,4.2,9.472704636443673,9.680344001221918,9.491526390684262,0.9785504146596407,0.2076393647782453,Qualified,1
66.0,3.8,6.29156913955832,7.3777589082278725,9.59212735272977,0.8527751066169695,1.086189768669552,Bad,0
80.0,4.3,7.600902459542082,9.210340371976184,10.229079383061112,0.8252574989159952,1.6094379124341014,Qualified,1
26.0,4.2,9.648014489106362,9.951849053414007,10.401744520626263,0.9694695364975001,0.30383456430764433,Qualified,1
20.0,3.9,9.903487552536127,10.126631103850338,10.159098293987839,0.9779646805511295,0.2231435513142106,Bad,0
37.0,4.4,6.98100574072173,7.438383530044307,8.917712757131387,0.9385111311516559,0.4573777893225772,Qualified,1
43.0,4.0,5.991464547107982,6.551080335043404,10.540540458741166,0.9145765645794489,0.5596157879354227,Qualified,1
50.0,4.0,7.600902459542082,8.291797105048733,10.317416739056421,0.9166773334231759,0.6908946455066509,Qualified,1
75.0,3.8,7.600902459542082,8.986071187374463,9.788749875065704,0.8458537998476398,1.3851687278323812,Bad,0
53.0,4.2,5.799092654460526,6.551080335043404,11.454925520672239,0.8852116533268102,0.7519876805828787,Qualified,1
61.0,4.2,5.043425116919247,5.991464547107982,9.735423867488873,0.8417683318102344,0.9480394301887349,Qualified,1
17.0,4.4,10.275051108968611,10.46310334047155,9.918967123384514,0.9820271075049457,0.18805223150293848,Qualified,1
71.0,4.2,7.7406644019172415,8.986071187374463,11.150850251502822,0.86140697536349,1.245406785457222,Qualified,1
80.0,4.0,5.991464547107982,7.600902459542082,8.12651816878071,0.7882569969815056,1.6094379124341005,Qualified,1
71.0,4.3,7.047517221357296,8.294049640102028,11.84966195238841,0.8497076250041111,1.2465324187447315,Qualified,1
65.0,4.1,6.272877006546167,7.313220387090301,9.0595174822416,0.8577448339474898,1.040343380544134,Qualified,1
28.0,4.1,9.546812608597396,9.878169744551839,9.85214162518454,0.9664556142966466,0.33135713595444294,Qualified,1
62.0,4.1,5.940171252720432,6.907755278982137,12.804123123497913,0.8599278655389367,0.9675840262617053,Qualified,1
30.0,4.1,9.546812608597396,9.903487552536127,9.865422171729335,0.9639849152082397,0.35667494393873156,Qualified,1
60.0,4.4,8.294049640102028,9.210340371976184,4.304065093204169,0.9005149978319905,0.916290731874156,Qualified,1
85.0,3.9,5.0106352940962555,6.90875477931522,10.12145774507634,0.725258813512686,1.898119485218965,Bad,0
80.0,4.3,4.605170185988092,6.214608098422191,10.660594962054951,0.741023426265171,1.6094379124340996,Qualified,1
70.0,4.0,8.474494436883122,9.679781342959442,8.387312270561717,0.8754840772355894,1.2052869060763207,Qualified,1
0.0,4.3,10.327706173643904,10.4341158035983,9.765144602914383,0.9898017587731105,0.10640962995439551,Qualified,1
90.0,4.0,4.605170185988092,6.907755278982137,7.242082359256962,0.6666666666666667,2.302585092994045,Qualified,1
84.0,3.6,5.703782474656201,7.550135342488429,9.809341694645898,0.755454335044583,1.8463528678322279,Bad,0
27.0,4.1,9.305650551780507,9.615805480084347,9.85214162518454,0.9677452992423554,0.31015492830383984,Qualified,1
10.0,4.2,10.327706173643904,10.571316925111784,9.308374112247549,0.9769554963498264,0.24361075146788025,Qualified,1
32.0,4.1,9.740968623038354,10.126631103850338,10.013193612624185,0.9619160136419557,0.38566248081198395,Qualified,1
60.0,4.1,5.298317366548036,6.214608098422191,7.488293515159428,0.8525585656629274,0.9162907318741551,Qualified,1
38.0,4.0,6.907755278982137,7.3777589082278725,8.885025658050846,0.9362945258726773,0.4700036292457357,Qualified,1
19.0,4.0,7.170119543449628,7.3777589082278725,11.762220077017213,0.9718560382141683,0.2076393647782444,Qualified,1
67.0,3.5,6.396929655216146,7.496097345175956,11.338536362901966,0.8533680074649552,1.0991676899598097,Bad,0
68.0,4.3,6.396929655216146,7.549609165154532,11.84966195238841,0.8473193135270345,1.1526795099383857,Qualified,1
28.0,4.1,7.495541943884256,7.824046010856292,9.835155177159303,0.9580135307849393,0.3285040669720356,Qualified,1
65.0,4.1,5.179702735211794,6.214608098422191,9.628392595589819,0.8334721438873762,1.034905363210397,Qualified,1
27.0,4.1,9.305650551780507,9.615805480084347,9.85214162518454,0.9677452992423554,0.31015492830383984,Qualified,1
62.0,4.1,8.006367567650246,8.986071187374463,10.788287617318913,0.8909753106451335,0.9797036197242175,Qualified,1
75.0,3.8,7.600902459542082,8.986071187374463,9.788749875065704,0.8458537998476398,1.3851687278323812,Bad,0
23.0,4.3,5.438079308923196,5.703782474656201,10.322592546348327,0.9534163220786184,0.26570316573300534,Qualified,1
33.0,4.0,5.298317366548036,5.703782474656201,10.69183127007966,0.928912943312656,0.4054651081081646,Qualified,1
35.0,4.2,6.476972362889683,6.907755278982137,7.182352111885263,0.9376377855476186,0.4307829160924541,Qualified,1
28.0,4.1,9.546812608597396,9.878169744551839,9.85214162518454,0.9664556142966466,0.33135713595444294,Qualified,1
60.0,4.1,4.787491742782046,5.703782474656201,8.699514748210191,0.8393538435335606,0.9162907318741551,Qualified,1
28.0,4.1,9.472704636443673,9.798127036878302,10.835119996209482,0.966787285038273,0.3254224004346291,Qualified,1
55.0,4.3,5.043425116919247,5.8289456176102075,9.502412792729256,0.8652379774623778,0.7855205006909607,Qualified,1
22.0,3.9,9.95227771670556,10.203592144986466,10.159098293987839,0.9753700045327283,0.25131442828090655,Bad,0
62.0,4.0,5.521460917862246,6.476972362889683,9.575330647518628,0.8524756025667002,0.9555114450274367,Qualified,1
42.0,4.5,4.605170185988092,5.147494476813453,9.336091577281744,0.8946430553217251,0.5423242908253609,Good,2
76.0,4.0,6.194405391104672,7.600902459542082,8.196161139282902,0.8149565691805832,1.4064970684374103,Qualified,1
77.0,4.0,5.91350300563827,7.3783837129967145,10.392864795496248,0.801463197857531,1.4648807073584447,Qualified,1
26.0,4.1,9.648595302907339,9.95227771670556,9.865422171729335,0.9694861395107103,0.3036824137982208,Qualified,1
18.0,4.1,9.648595302907339,9.852194258148577,9.865422171729335,0.9793346588682166,0.2035989552412385,Qualified,1
21.0,3.9,10.043249494911286,10.275051108968611,10.159098293987839,0.9774403444227157,0.2318016140573249,Bad,0
60.0,4.1,6.396929655216146,7.307202314764738,11.993374352077502,0.8754280201453682,0.9102726595485917,Qualified,1
81.0,4.1,4.90527477843843,6.551080335043404,9.72232532346202,0.7487734125620259,1.6458055566049747,Qualified,1
6.0,4.0,8.922658299524402,8.987196820661973,10.338770329053474,0.9928188374611765,0.06453852113757108,Qualified,1
48.0,4.3,7.047517221357296,7.696212639346407,12.094654933150762,0.9157123836895181,0.6486954179891109,Qualified,1
22.0,4.0,7.1891677384203225,7.438383530044307,11.762220077017213,0.9664959744792159,0.24921579162398455,Qualified,1
30.0,4.1,9.546812608597396,9.903487552536127,9.865422171729335,0.9639849152082397,0.35667494393873156,Qualified,1
63.0,4.2,5.703782474656201,6.684611727667927,11.454925520672239,0.8532705723277798,0.9808292530117262,Qualified,1
38.0,4.0,6.907755278982137,7.3777589082278725,8.885025658050846,0.9362945258726773,0.4700036292457357,Qualified,1
28.0,4.1,9.472704636443673,9.798127036878302,9.85214162518454,0.966787285038273,0.3254224004346291,Qualified,1
26.0,4.2,9.648014489106362,9.951849053414007,10.401744520626263,0.9694695364975001,0.30383456430764433,Qualified,1
66.0,4.6,6.907755278982137,7.9724660159745655,10.188816859404312,0.8664515176535027,1.0647107369924287,Good,2
68.0,4.0,7.3777589082278725,8.517193191416238,11.126542136174459,0.866219509458033,1.1394342831883657,Qualified,1
22.0,4.0,7.1891677384203225,7.438383530044307,11.762220077017213,0.9664959744792159,0.24921579162398455,Qualified,1
30.0,4.3,9.95227771670556,10.30865261563529,9.159047077588632,0.9654295365051673,0.3563748989297313,Qualified,1
50.0,4.3,6.907755278982137,7.600902459542082,7.48324441607385,0.9088072522638707,0.6931471805599454,Qualified,1
22.0,4.2,9.43276366396591,9.679781342959442,10.976901684181144,0.9744810682967338,0.247017678993533,Qualified,1
18.0,4.0,9.798127036878302,9.998388557730848,9.968853855967382,0.9799706202958374,0.20026152085254623,Qualified,1
61.0,4.2,5.860786223465865,6.802394763324311,7.724888439323074,0.8615769045138033,0.9416085398584455,Qualified,1
14.0,4.0,7.24422751560335,7.396948602621014,9.146228426508939,0.9793535016637064,0.15272108701766385,Qualified,1
60.0,4.1,5.075173815233827,5.991464547107982,8.469891918298224,0.8470673197396388,0.9162907318741551,Qualified,1
79.0,3.9,7.313220387090301,8.852378886511985,9.989527624628513,0.8261305216198057,1.539158499421684,Bad,0
75.0,3.8,7.600902459542082,8.986071187374463,9.788862026694824,0.8458537998476398,1.3851687278323812,Bad,0
66.0,4.7,6.907755278982137,7.9724660159745655,8.959311617172437,0.8664515176535027,1.0647107369924287,Good,2
65.0,4.3,7.649692623711514,8.699514748210191,9.748586591318166,0.8793240594580676,1.049822124498677,Qualified,1
52.0,4.2,5.823045895483019,6.551080335043404,8.511175119090675,0.8888680336179144,0.7280344395603855,Qualified,1
62.0,4.1,8.006367567650246,8.986071187374463,5.043425116919247,0.8909753106451335,0.9797036197242175,Qualified,1
78.0,3.3,7.170119543449628,8.699514748210191,8.392989587956931,0.8241976421644419,1.5293952047605632,Bad,0
13.0,4.4,5.857933154483459,5.991464547107982,9.839375607068884,0.9777130630458329,0.13353139262452274,Qualified,1
21.0,4.0,9.711115659888671,9.951849053414007,9.968853855967382,0.975810184395557,0.24073339352533552,Qualified,1
0.0,4.2,6.214608098422191,6.214608098422191,10.359011860517029,1.0,0.0,Qualified,1
46.0,4.5,6.878326468291325,7.495541943884256,6.704414354964107,0.9176556571607837,0.6172154755929311,Good,2
66.0,4.6,6.907755278982137,7.9724660159745655,8.720950028930258,0.8664515176535027,1.0647107369924287,Good,2
22.0,4.2,9.259130536145614,9.51044496442652,5.652489180268651,0.9735749032541654,0.25131442828090655,Qualified,1
38.0,4.0,5.521460917862246,5.991464547107982,10.69183127007966,0.9215544671006021,0.4700036292457357,Qualified,1
75.0,3.7,5.529429087511423,6.907755278982137,8.081784206935001,0.8004668469271814,1.3783261914707134,Bad,0
60.0,4.1,5.298317366548036,6.214608098422191,9.476236852356042,0.8525585656629274,0.9162907318741551,Qualified,1
19.0,4.1,8.779557455883728,8.987196820661973,12.656616276275779,0.9768960924166172,0.2076393647782453,Qualified,1
70.0,4.2,8.006367567650246,9.210340371976184,9.946547041996576,0.8692803136799154,1.2039728043259377,Qualified,1
81.0,4.2,5.634789603169249,7.313220387090301,7.881182202227102,0.7704936136091413,1.6784307839210522,Qualified,1
82.0,4.5,5.598421958998375,7.313220387090301,10.274326708723063,0.7655207504591298,1.7147984280919264,Good,2
33.0,3.8,9.104979856318357,9.51044496442652,8.053887083618223,0.9573663367355795,0.4054651081081637,Bad,0
70.0,4.0,4.0943445622221,5.298317366548036,9.146121799649531,0.7727631772442599,1.203972804325936,Qualified,1
54.0,4.1,6.396929655216146,7.170119543449628,12.168318855918258,0.8921649934079773,0.7731898882334818,Qualified,1
65.0,3.8,5.857933154483459,6.907755278982137,9.71462464769875,0.8480226814500919,1.0498221244986778,Bad,0
28.0,4.1,9.546812608597396,9.878169744551839,9.85214162518454,0.9664556142966466,0.33135713595444294,Qualified,1
65.0,3.8,5.857933154483459,6.907755278982137,9.71462464769875,0.8480226814500919,1.0498221244986778,Bad,0
17.0,4.2,6.214608098422191,6.396929655216146,9.99501787038172,0.9714985834422476,0.1823215567939549,Qualified,1
78.0,4.2,7.696212639346407,9.210340371976184,10.291229868989722,0.8356056702055514,1.5141277326297766,Qualified,1
81.0,4.2,4.564348191467836,6.214608098422191,7.575584651557793,0.7344547104469331,1.6502599069543553,Qualified,1
44.0,4.0,4.941642422609304,5.521460917862246,9.146121799649531,0.8949882098454784,0.5798184952529422,Qualified,1
44.0,3.5,8.411832675758411,8.987196820661973,3.6375861597263857,0.9359795766817108,0.5753641449035616,Bad,0
85.0,4.3,4.499809670330265,6.396929655216146,7.763021309018518,0.7034327267708903,1.8971199848858813,Qualified,1
26.0,4.1,9.648595302907339,9.95227771670556,9.865474110337912,0.9694861395107103,0.3036824137982208,Qualified,1
13.0,3.9,9.546812608597396,9.680344001221918,7.687538766201629,0.9862059248506388,0.13353139262452274,Bad,0
60.0,3.9,7.600902459542082,8.517193191416238,8.932212512329214,0.8924186981225684,0.916290731874156,Bad,0
77.0,3.3,7.24422751560335,8.699514748210191,8.392989587956931,0.8327162750191041,1.4552872326068416,Bad,0
40.0,4.0,6.396929655216146,6.907755278982137,9.833869485655258,0.9260504167945479,0.5108256237659905,Qualified,1
82.0,4.0,5.298317366548036,7.003065458786462,8.0702808933939,0.7565711612620232,1.7047480922384253,Qualified,1
74.0,4.0,7.495541943884256,8.852378886511985,10.199174996326047,0.8467262913141814,1.3568369426277291,Qualified,1
79.0,3.9,7.313220387090301,8.852378886511985,9.989527624628513,0.8261305216198057,1.539158499421684,Bad,0
30.0,4.3,9.95227771670556,10.30865261563529,9.159047077588632,0.9654295365051673,0.3563748989297313,Qualified,1
4.0,4.1,9.472704636443673,9.51044496442652,10.934873266039972,0.9960316969264831,0.03774032798284743,Qualified,1
19.0,4.1,9.740968623038354,9.95227771670556,10.367944577774505,0.9787677655625999,0.21130909366720552,Qualified,1
29.0,4.3,9.903487552536127,10.239638308916676,9.159047077588632,0.9671716181529743,0.33615075638054925,Qualified,1
32.0,4.1,9.472704636443673,9.852194258148577,10.835119996209482,0.9614817154674925,0.37948962170490397,Qualified,1
50.0,4.1,8.006367567650246,8.699514748210191,8.874727765766853,0.9203234662367172,0.6931471805599454,Qualified,1
70.0,4.3,5.703782474656201,6.907755278982137,9.94515718770752,0.8257070849065542,1.203972804325936,Qualified,1
51.0,4.4,6.878326468291325,7.600902459542082,5.220355825078325,0.90493550008083,0.722575991250757,Qualified,1
67.0,4.2,5.799092654460526,6.907755278982137,8.158516244806831,0.8395046466259625,1.1086626245216111,Qualified,1
78.0,3.3,7.170119543449628,8.699514748210191,8.392989587956931,0.8241976421644419,1.5293952047605632,Bad,0
43.0,4.4,7.595889917718538,8.160803920954665,11.116335852861406,0.9307771625555682,0.5649140032361268,Qualified,1
80.0,4.3,7.600902459542082,9.210340371976184,10.22936818130145,0.8252574989159952,1.6094379124341014,Qualified,1
32.0,4.1,9.472704636443673,9.852194258148577,10.835119996209482,0.9614817154674925,0.37948962170490397,Qualified,1
70.0,4.0,7.313220387090301,8.517193191416238,11.43592562308136,0.8586420693686602,1.2039728043259368,Qualified,1
19.0,4.1,9.740968623038354,9.95227771670556,10.367944577774505,0.9787677655625999,0.21130909366720552,Qualified,1
76.0,4.3,7.600902459542082,9.047821442478408,5.484796933490655,0.8400809529525838,1.4469189829363263,Qualified,1
29.0,3.8,8.517193191416238,8.85366542803745,6.6320017773956295,0.961996278337367,0.33647223662121206,Bad,0
85.0,3.9,4.605170185988092,6.503779061925392,10.12145774507634,0.7080760496536253,1.8986088759372999,Bad,0
58.0,3.7,7.824046010856292,8.699514748210191,6.720220155135295,0.8993657965193961,0.8754687373538994,Bad,0
14.0,4.0,7.24422751560335,7.396948602621014,9.146228426508939,0.9793535016637064,0.15272108701766385,Qualified,1
85.0,4.2,7.313220387090301,9.210340371976184,10.027429361730306,0.7940228147639202,1.8971199848858822,Qualified,1
53.0,4.4,6.802394763324311,7.550135342488429,9.514363204016016,0.9009632880411821,0.7477405791641178,Qualified,1
58.0,3.9,5.521460917862246,6.396929655216146,7.672292455628756,0.8631423535132936,0.8754687373539003,Bad,0
75.0,4.5,5.703782474656201,7.090076835776092,6.391917113392602,0.8044740003204571,1.3862943611198908,Good,2
84.0,4.2,4.382026634673881,6.214608098422191,7.575584651557793,0.7051171313258549,1.8325814637483102,Qualified,1
13.0,3.9,9.546812608597396,9.680344001221918,7.687538766201629,0.9862059248506388,0.13353139262452274,Bad,0
5.0,4.2,6.856461984594587,6.907755278982137,10.359011860517029,0.9925745350962827,0.05129329438755015,Qualified,1
80.0,4.1,4.605170185988092,6.214608098422191,7.804659297056102,0.741023426265171,1.6094379124340996,Qualified,1
69.0,4.1,7.824046010856292,8.986071187374463,5.043425116919247,0.8706859591596792,1.1620251765181715,Qualified,1
66.0,4.3,6.536691597591305,7.600902459542082,7.085064293952548,0.859988880581571,1.0642108619507775,Qualified,1
74.0,4.1,6.214608098422191,7.549609165154532,7.297091005160418,0.8231695128147717,1.3350010667323406,Qualified,1
70.0,4.3,5.703782474656201,6.907755278982137,9.092907275084087,0.8257070849065542,1.203972804325936,Qualified,1
58.0,3.6,5.3471075307174685,6.214608098422191,4.653960350157523,0.8604094491614089,0.867500567704723,Bad,0
35.0,4.1,9.047821442478408,9.472704636443673,8.804325112562537,0.9551465805942433,0.42488319396526464,Qualified,1
46.0,4.0,7.687080155783135,8.294049640102028,9.033722518098907,0.9268186819880877,0.6069694843188929,Qualified,1
19.0,4.1,9.740968623038354,9.95227771670556,10.367944577774505,0.9787677655625999,0.21130909366720552,Qualified,1
10.0,4.3,10.327706173643904,10.819778284410283,8.031385330625534,0.9545210541443919,0.49207211076637947,Qualified,1
13.0,3.9,7.8632667240095735,8.006367567650246,9.565704457114814,0.9821266207888242,0.14310084364067244,Bad,0
57.0,4.1,7.937374696163295,8.779557455883728,10.568235258574376,0.9040745773403381,0.8421827597204325,Qualified,1
53.0,4.1,7.24422751560335,8.003363058629947,11.484279046380106,0.9051479312552204,0.7591355430265976,Qualified,1
73.0,4.4,6.476972362889683,7.783640596221253,11.116335852861406,0.8321263402159238,1.3066682333315702,Qualified,1
80.0,3.8,6.684611727667927,8.291797105048733,4.787491742782046,0.8061716468674542,1.607185377380806,Bad,0
0.0,4.3,5.0106352940962555,5.0106352940962555,9.290444616217844,1.0,0.0,Qualified,1
62.0,4.3,6.684611727667927,7.650168700845001,9.010547069270189,0.8737861855163505,0.9655569731770735,Qualified,1
28.0,3.5,8.242756345714477,8.575462099540212,7.403670290012373,0.9612025859406954,0.332705753825735,Bad,0
90.0,4.0,5.298317366548036,7.549609165154532,8.464003362902119,0.7018002191428125,2.2512917986064958,Qualified,1
27.0,3.9,10.085809109330082,10.404262840448617,9.090091799380007,0.9693919948003925,0.3184537311185345,Bad,0
25.0,4.3,10.30865261563529,10.596409707779776,9.035986984831405,0.9728439065608027,0.28775709214448497,Qualified,1
86.0,2.8,5.641907070938114,7.600902459542082,4.477336814478207,0.7422680531645727,1.9589953886039684,Bad,0
33.0,3.8,8.987071812848821,9.392661928770137,4.836281906951478,0.9568184057941046,0.40559011592131533,Bad,0
75.0,4.5,5.521460917862246,6.907755278982137,3.6635616461296463,0.7993133362240125,1.3862943611198908,Good,2
50.0,4.3,5.703782474656201,6.396929655216146,8.449984441722787,0.891643770071046,0.6931471805599454,Qualified,1
74.0,4.1,6.214608098422191,7.549609165154532,6.023447592961033,0.8231695128147717,1.3350010667323406,Qualified,1
74.0,3.0,6.802394763324311,8.160518247477505,6.525029657843462,0.8335738683541326,1.358123484153194,Bad,0
54.0,4.0,7.3777589082278725,8.160518247477505,10.501911880781186,0.9040797023532677,0.7827593392496324,Qualified,1
88.0,3.9,4.795790545596741,6.907755278982137,8.778325928634482,0.6942617901054834,2.1119647333853955,Bad,0
43.0,4.1,8.294049640102028,8.85366542803745,9.233079858945672,0.9367927563466254,0.5596157879354227,Qualified,1
32.0,4.1,9.472704636443673,9.852194258148577,10.835119996209482,0.9614817154674925,0.37948962170490397,Qualified,1
38.0,4.3,7.3777589082278725,7.8632667240095735,7.496652438168283,0.9382562193522879,0.485507815781701,Qualified,1
42.0,4.0,6.551080335043404,7.090076835776092,9.575330647518628,0.9239787504117101,0.5389965007326873,Qualified,1
90.0,4.4,4.605170185988092,6.907755278982137,5.723585101952381,0.6666666666666667,2.302585092994045,Qualified,1
21.0,4.3,8.976641306722456,9.210340371976184,7.227662498728655,0.9746264463835895,0.2336990652537274,Qualified,1
81.0,4.2,7.313220387090301,8.987196820661973,10.027429361730306,0.8137376462343493,1.6739764335716716,Qualified,1
16.0,3.8,6.962243464266207,7.1308988302963465,7.763446388727362,0.9763486525270012,0.16865536603013975,Bad,0
75.0,4.3,5.017279836814924,6.396929655216146,6.5722825426940075,0.7843262482531387,1.379649818401222,Qualified,1
69.0,4.3,5.393627546352361,6.55250788703459,9.906134047477034,0.8231394207132052,1.158880340682229,Qualified,1
74.0,4.3,6.163314804034641,7.495541943884256,7.282761179605593,0.8222640671183753,1.332227139849615,Qualified,1
77.0,4.0,4.7535901911063645,6.214608098422191,8.953252164609035,0.7649058662787183,1.461017907315827,Qualified,1
60.0,3.9,5.480638923341991,6.396929655216146,7.672292455628756,0.8567608554008408,0.9162907318741551,Bad,0
21.0,4.1,8.922658299524402,9.159047077588632,12.656616276275779,0.9741906798751311,0.23638877806422975,Qualified,1
73.0,3.7,5.583496308781699,6.907755278982137,6.144185634125646,0.8082938788770223,1.3242589702004377,Bad,0
49.0,4.2,10.327706173643904,10.889878985510414,10.232467506256102,0.9483765785997703,0.5621728118665104,Qualified,1
60.0,4.1,5.298317366548036,6.214608098422191,6.401917196727186,0.8525585656629274,0.9162907318741551,Qualified,1
55.0,4.0,5.19295685089021,5.991464547107982,7.261225091971921,0.8667257913420847,0.7985076962177713,Qualified,1
55.0,4.6,7.495541943884256,8.294049640102028,5.5053315359323625,0.9037252330445482,0.7985076962177713,Good,2
29.0,3.9,9.047821442478408,9.392661928770137,5.6240175061873385,0.9632861813927884,0.34484048629172825,Bad,0
50.0,4.0,7.600902459542082,8.294049640102028,10.317416739056421,0.9164283780978891,0.6931471805599454,Qualified,1
78.0,4.3,8.294049640102028,9.798127036878302,9.750452916367067,0.8464933766305325,1.5040773967762746,Qualified,1
56.0,4.4,5.393627546352361,6.214608098422191,3.071170165610618,0.8678950403520591,0.8209805520698303,Qualified,1
57.0,4.1,6.396929655216146,7.24422751560335,9.586102000710904,0.883038204064932,0.8472978603872034,Qualified,1
17.0,4.1,7.824046010856292,8.006367567650246,8.057377488557991,0.9772279307372016,0.182321556793954,Qualified,1
82.0,4.1,4.499809670330265,6.214608098422191,9.14216859187285,0.7240697400488871,1.7147984280919264,Qualified,1
75.0,4.4,8.006367567650246,9.392661928770137,6.645090969505644,0.8524066583431892,1.3862943611198908,Qualified,1
79.0,4.5,5.752572638825633,7.313220387090301,10.274326708723063,0.786599108783921,1.5606477482646683,Good,2
28.0,4.1,9.546812608597396,9.878169744551839,9.85214162518454,0.9664556142966466,0.33135713595444294,Qualified,1
72.0,4.2,4.941642422609304,6.214608098422191,8.511577452630602,0.7951655751010145,1.2729656758128876,Qualified,1
63.0,4.5,7.8632667240095735,8.85366542803745,7.3310603052186325,0.8881368725667541,0.9903987040278768,Good,2
63.0,4.1,5.902633333401366,6.907755278982137,12.804117624656794,0.8544936951314702,1.005121945580771,Qualified,1
67.0,3.9,7.313220387090301,8.409830673087738,11.827407683699827,0.8696037615232023,1.0966102859974365,Bad,0
80.0,4.3,7.6004023345004,9.210340371976184,10.229548637857024,0.8252031985295292,1.609938037475784,Qualified,1
77.0,3.8,7.495541943884256,8.986071187374463,9.788862026694824,0.8341289299394358,1.490529243490207,Bad,0
56.0,4.3,5.66988092298052,6.478509642208569,12.441563652297273,0.8751829102854616,0.8086287192280492,Qualified,1
33.0,4.4,6.396929655216146,6.79794041297493,11.023779790196127,0.9410099628126495,0.40101075775878403,Qualified,1
8.0,3.8,5.384495062789089,5.472270673671475,8.903135633035538,0.9839599288637717,0.08777561088238617,Bad,0
57.0,3.8,7.170119543449628,8.003363058629947,12.106246785370821,0.8958883273098749,0.8332435151803192,Bad,0
62.0,3.5,5.575949103146316,6.551080335043404,6.53813982376767,0.8511495536574537,0.9751312318970884,Bad,0
43.0,4.4,6.345636360828596,6.90875477931522,11.11636558733258,0.9184920529857857,0.5631184184866243,Qualified,1
60.0,4.1,7.600902459542082,8.517193191416238,9.27706400401909,0.8924186981225684,0.916290731874156,Qualified,1
65.0,4.1,7.24422751560335,8.291797105048733,11.862469041043491,0.8736619364688101,1.0475695894453834,Qualified,1
77.0,4.3,5.857933154483459,7.313220387090301,10.118276299467585,0.8010059651455609,1.4552872326068425,Qualified,1
63.0,3.5,5.0106352940962555,5.991464547107982,9.988058453986397,0.8362955759314036,0.9808292530117262,Bad,0
40.0,4.1,6.396929655216146,6.907755278982137,12.168308471109157,0.9260504167945479,0.5108256237659905,Qualified,1
69.0,4.1,7.107425474110705,8.291797105048733,11.58200366614983,0.8571634573382307,1.1843716309380286,Qualified,1
79.0,3.9,7.313220387090301,8.852378886511985,9.989573501449257,0.8261305216198057,1.539158499421684,Bad,0
50.0,3.9,6.214608098422191,6.907755278982137,11.440311760457716,0.8996566681120063,0.6931471805599454,Bad,0
90.0,4.1,4.605170185988092,6.907755278982137,9.077037524661762,0.6666666666666667,2.302585092994045,Qualified,1
73.0,4.0,5.857933154483459,7.170119543449628,9.566895308714338,0.8169923972655467,1.3121863889661691,Qualified,1
68.0,4.2,6.16541785423142,7.313886831633462,11.070910473864481,0.8429741936346661,1.1484689774020413,Qualified,1
59.0,4.3,5.598421958998375,6.476972362889683,10.902574121818684,0.8643578581676478,0.8785504038913077,Qualified,1
50.0,4.1,5.703782474656201,6.396929655216146,7.37650812632622,0.891643770071046,0.6931471805599454,Qualified,1
60.0,4.0,7.3777589082278725,8.294049640102028,10.317416739056421,0.8895243250722956,0.9162907318741551,Qualified,1
81.0,4.2,7.313220387090301,8.987196820661973,10.027429361730306,0.8137376462343493,1.6739764335716716,Qualified,1
67.0,3.9,5.799092654460526,6.907755278982137,11.251924271099778,0.8395046466259625,1.1086626245216111,Bad,0
69.0,4.3,6.309918278226516,7.495541943884256,10.269171790632448,0.8418228228813913,1.1856236656577401,Qualified,1
78.0,4.2,7.696212639346407,9.210340371976184,10.291433424425355,0.8356056702055514,1.5141277326297766,Qualified,1
54.0,4.5,5.703782474656201,6.478509642208569,10.40961214374347,0.8804158347616107,0.7747271675523679,Good,2
60.0,4.0,6.683360945766275,7.59890045687141,11.136994886964382,0.8795168437458283,0.915539511105135,Qualified,1
64.0,4.2,5.991464547107982,7.003065458786462,10.096996298720647,0.8555488424845058,1.0116009116784799,Qualified,1
16.0,4.5,5.58724865840025,5.755742213586912,10.24106631958382,0.9707260073620185,0.16849355518666265,Good,2
0.0,4.3,3.9318256327243257,4.163450124003127,8.664405571096625,0.9443671752080229,0.23162449127880125,Qualified,1
21.0,3.9,4.875197323201151,5.111987788356544,9.600962533214572,0.9536793758203561,0.23679046515539248,Bad,0
65.0,4.1,6.1092475827643655,7.1631723908466425,11.427051622560924,0.8528689872899025,1.053924808082277,Qualified,1
76.0,4.3,8.294049640102028,9.740968623038354,9.750511182936638,0.851460461589598,1.4469189829363263,Qualified,1
69.0,4.2,5.991464547107982,7.1631723908466425,5.332718793265369,0.836426128004973,1.1717078437386608,Qualified,1
44.0,4.2,7.24422751560335,7.823645930834952,10.425787098375746,0.9259401025616498,0.5794184152316024,Qualified,1
43.0,4.0,5.298317366548036,5.857933154483459,10.69183127007966,0.9044687310050453,0.5596157879354227,Qualified,1
80.0,3.9,5.298317366548036,6.907755278982137,8.978282203272398,0.7670099985546603,1.6094379124341005,Bad,0
50.0,4.1,8.00603417874901,8.699514748210191,8.55256033525353,0.9202851435358672,0.6934805694611814,Qualified,1
18.0,4.5,8.318498320504338,8.517193191416238,10.835868145559232,0.9766713204166664,0.19869487091190052,Good,2
75.0,3.7,6.214608098422191,7.600902459542082,8.122668023346407,0.8176145045277415,1.3862943611198908,Bad,0
33.0,3.5,5.703782474656201,6.1092475827643655,9.378224880972368,0.9336309254756547,0.4054651081081646,Bad,0
53.0,4.2,5.799092654460526,6.551080335043404,11.454925520672239,0.8852116533268102,0.7519876805828787,Qualified,1
30.0,3.5,6.551080335043404,6.907755278982137,9.635346635291183,0.9483660133380856,0.35667494393873245,Bad,0
80.0,4.3,6.684611727667927,8.291797105048733,10.20876393338886,0.8061716468674542,1.607185377380806,Qualified,1
75.0,3.9,7.24422751560335,8.612503371220562,9.15957325492253,0.8411291355554732,1.3682758556172123,Bad,0
61.0,4.2,5.043425116919247,5.991464547107982,9.735423867488873,0.8417683318102344,0.9480394301887349,Qualified,1
62.0,4.3,6.253828811575473,7.208600337960199,10.31091739595388,0.8675510526839811,0.9547715263847261,Qualified,1
71.0,4.2,7.7406644019172415,8.986071187374463,11.15080716136543,0.86140697536349,1.245406785457222,Qualified,1
80.0,4.0,5.991464547107982,7.600902459542082,8.12651816878071,0.7882569969815056,1.6094379124341005,Qualified,1
62.0,4.1,7.313220387090301,8.291797105048733,11.607007618331368,0.8819825538950304,0.9785767179584317,Qualified,1
0.0,4.5,7.16703787691222,7.16703787691222,8.658866349732383,1.0,0.0,Good,2
66.0,4.2,7.5443321080536885,8.612503371220562,10.810777902212983,0.8759743576140403,1.0681712631668736,Qualified,1
69.0,4.1,6.1224928095143865,7.307202314764738,11.993361981887187,0.8378709861561436,1.1847095052503516,Qualified,1
60.0,3.9,5.991464547107982,6.903747257584598,9.96988372217581,0.8678568788168826,0.9122827104766165,Bad,0
74.0,4.3,6.966024187106113,8.294049640102028,11.849654811393027,0.8398821431481596,1.3280254529959148,Qualified,1
85.0,3.9,5.0106352940962555,6.90875477931522,10.12145774507634,0.725258813512686,1.898119485218965,Bad,0
6.0,4.0,6.576469569048224,6.635946555686647,8.881836305004146,0.9910371510470569,0.0594769866384226,Qualified,1
90.0,4.0,4.605170185988092,6.907755278982137,7.242082359256962,0.6666666666666667,2.302585092994045,Qualified,1
87.0,3.5,3.6888794541139363,5.703782474656201,9.631285050932734,0.6467426607702612,2.0149030205422647,Bad,0
64.0,4.3,6.7912214627261855,7.824445930877619,10.9285968142394,0.8679491842260653,1.0332244681514338,Qualified,1
76.0,3.8,7.090076835776092,8.517193191416238,9.61326893243235,0.8324428807041249,1.4271163556401465,Bad,0
56.0,4.4,6.345636360828596,7.170119543449628,9.135185698375423,0.8850112361969961,0.8244831826210319,Qualified,1
83.0,3.7,7.313220387090301,9.104979856318357,10.251500085896208,0.8032110452188785,1.7917594692280554,Bad,0
17.0,4.4,5.0106352940962555,5.198497031265826,6.4692503167957724,0.963862297883466,0.18786173716957055,Qualified,1
27.0,4.4,5.991464547107982,6.309918278226516,9.805874723669127,0.949531243183067,0.3184537311185345,Qualified,1
15.0,4.4,5.2574953720277815,5.420534999272286,8.882391706295847,0.9699218569262272,0.16303962724450471,Qualified,1
87.0,4.2,4.867534450455582,6.907755278982137,6.198478716492308,0.7046477841022789,2.0402208285265546,Qualified,1
67.0,4.5,5.298317366548036,6.396929655216146,9.515543058145953,0.8282594388430884,1.09861228866811,Good,2
78.0,3.8,6.907755278982137,8.411832675758411,8.128880142125638,0.8211950409913893,1.5040773967762746,Bad,0
80.0,3.8,6.802394763324311,8.411832675758411,11.54299869797637,0.8086697662125105,1.6094379124341005,Bad,0
28.0,4.1,7.495541943884256,7.824046010856292,9.835155177159303,0.9580135307849393,0.3285040669720356,Qualified,1
65.0,4.1,5.179702735211794,6.214608098422191,9.628392595589819,0.8334721438873762,1.034905363210397,Qualified,1
5.0,4.4,6.259581464064923,6.311734809152915,9.407550541263888,0.9917370823291939,0.05215334508799163,Qualified,1
60.0,3.8,6.684611727667927,7.600902459542082,9.469545806435415,0.8794497447176348,0.9162907318741551,Bad,0
43.0,4.2,6.525029657843462,7.090076835776092,9.019058793810718,0.9203045057168583,0.5650471779326294,Qualified,1
66.0,4.1,7.090076835776092,8.157943507105037,9.368796057668156,0.8691009970344974,1.0678666713289449,Qualified,1
50.0,4.4,7.824046010856292,8.517193191416238,10.463817371205208,0.9186178867871037,0.6931471805599463,Qualified,1
64.0,4.1,7.495541943884256,8.517193191416238,10.918591412629715,0.8800483651631129,1.0216512475319819,Qualified,1
28.0,4.1,6.063785208687608,6.396929655216146,11.690795461589481,0.947921195872947,0.3331444465285385,Qualified,1
80.0,3.5,4.61512051684126,6.214608098422191,9.173572647783969,0.7426245458684642,1.5994875815809317,Bad,0
18.0,3.6,5.799092654460526,5.991464547107982,10.426320795426395,0.9678923423254984,0.19237189264745602,Bad,0
23.0,4.3,5.438079308923196,5.703782474656201,10.322592546348327,0.9534163220786184,0.26570316573300534,Qualified,1
54.0,3.8,4.941642422609304,5.703782474656201,8.021256180143997,0.866379888182388,0.762140052046897,Bad,0
52.0,4.0,7.090076835776092,7.824046010856292,10.421834817700965,0.9061905855280276,0.7339691750802002,Qualified,1
54.0,3.9,6.956545443151569,7.7406644019172415,7.484368643286131,0.8987013364677768,0.7841189587656725,Bad,0
60.0,4.1,4.787491742782046,5.703782474656201,8.699514748210191,0.8393538435335606,0.9162907318741551,Qualified,1
55.0,4.3,5.043425116919247,5.8289456176102075,9.502412792729256,0.8652379774623778,0.7855205006909607,Qualified,1
10.0,4.4,5.420534999272286,5.5254529391317835,10.187048645403605,0.9810118842717023,0.10491793985949727,Qualified,1
56.0,4.3,6.487684018484611,7.313220387090301,10.162152675917417,0.8871172582104906,0.8255363686056905,Qualified,1
60.0,4.3,7.01211529430638,7.937731775260109,10.886782513190758,0.8833903050442394,0.9256164809537291,Qualified,1
62.0,4.1,8.006367567650246,8.986071187374463,10.788266977271027,0.8909753106451335,0.9797036197242175,Qualified,1
43.0,4.4,5.135798437050262,5.703782474656201,8.551981016901902,0.9004197582692397,0.5679840376059389,Qualified,1
24.0,4.4,5.736572297479192,6.003887067106539,9.06126014896203,0.955476382776771,0.26731476962734657,Qualified,1
57.0,3.8,6.396929655216146,7.24422751560335,11.002549739984602,0.883038204064932,0.8472978603872034,Bad,0
50.0,3.8,5.703782474656201,6.396929655216146,8.028455164114252,0.891643770071046,0.6931471805599454,Bad,0
55.0,4.0,6.1092475827643655,6.907755278982137,7.6511201757027,0.884404171258448,0.7985076962177713,Qualified,1
38.0,4.4,6.684611727667927,7.16703787691222,10.458894495697496,0.9326882098951406,0.4824261492442927,Qualified,1
69.0,4.4,5.393627546352361,6.55250788703459,12.964476058361427,0.8231394207132052,1.158880340682229,Qualified,1
2.0,4.5,5.062595033026967,5.081404364984463,9.061724347647399,0.9962983989058005,0.018809331957496234,Good,2
77.0,4.0,5.91350300563827,7.3783837129967145,10.392864795496248,0.801463197857531,1.4648807073584447,Qualified,1
33.0,4.0,6.396929655216146,6.802394763324311,8.2987883944492,0.9403937698096758,0.4054651081081646,Qualified,1
20.0,4.3,6.173786103901937,6.396929655216146,9.366317953430535,0.9651170853297949,0.2231435513142097,Qualified,1
61.0,4.2,5.860786223465865,6.802394763324311,7.724446645633537,0.8615769045138033,0.9416085398584455,Qualified,1
47.0,3.8,7.377133712833954,8.003363058629947,9.307104040408491,0.9217542249166447,0.6262293457959931,Bad,0
33.0,4.3,6.396929655216146,6.802394763324311,11.4628629917588,0.9403937698096758,0.4054651081081646,Qualified,1
60.0,4.1,5.075173815233827,5.991464547107982,8.469891918298224,0.8470673197396388,0.9162907318741551,Qualified,1
57.0,4.3,7.170119543449628,8.006700845440367,10.04424899524437,0.8955148546024231,0.8365813019907389,Qualified,1
68.0,4.0,7.3777589082278725,8.517193191416238,11.126556852553053,0.866219509458033,1.1394342831883657,Qualified,1
94.0,4.3,5.68697535633982,8.517193191416238,8.395477432732141,0.6677053377245503,2.830217835076418,Qualified,1
4.0,4.2,6.720220155135295,6.759255270663693,8.426830751335846,0.9942249384044102,0.03903511552839767,Qualified,1
6.0,4.0,6.61472560020376,6.679599185844383,9.532278933106054,0.990287802630717,0.06487358564062262,Qualified,1
38.0,4.4,7.346010209913293,7.822444729489319,9.624963417869113,0.9390939104011886,0.476434519576026,Qualified,1
13.0,4.4,5.857933154483459,5.991464547107982,9.839375607068884,0.9777130630458329,0.13353139262452274,Qualified,1
46.0,4.5,6.878326468291325,7.495541943884256,6.704414354964107,0.9176556571607837,0.6172154755929311,Good,2
41.0,4.2,7.293017679772782,7.824046010856292,11.961699073678586,0.932128679925108,0.53102833108351,Qualified,1
75.0,4.1,5.293304824724492,6.68586094706836,9.142596719889664,0.7917162601243628,1.3925561223438674,Qualified,1
0.0,4.5,6.309918278226516,6.309918278226516,8.492080490601163,1.0,0.0,Good,2
70.0,4.2,8.006367567650246,9.210340371976184,9.946642822850055,0.8692803136799154,1.2039728043259377,Qualified,1
60.0,4.3,9.392745258631441,10.308952660644293,8.464846711044029,0.9111250742754318,0.9162074020128514,Qualified,1
63.0,3.9,7.170119543449628,8.160518247477505,9.429716836721148,0.8786353177588913,0.9903987040278768,Bad,0
15.0,4.5,5.598421958998375,5.755742213586912,9.787571522938785,0.9726672514593914,0.15732025458853727,Good,2
47.0,4.1,6.684611727667927,7.313220387090301,10.890218108556146,0.9140448904654879,0.6286086594223743,Qualified,1
54.0,4.2,8.748304912379623,9.528866827722945,7.608374474380783,0.9180844974060942,0.7805619153433216,Qualified,1
0.0,3.8,4.0943445622221,4.163450124003127,8.69265796074698,0.9834018518961908,0.06910556178102656,Bad,0
43.0,4.3,6.349138991379798,6.907755278982137,10.551166545048927,0.9191320095976747,0.5586162876023391,Qualified,1
45.0,3.9,6.309918278226516,6.907755278982137,11.077609211892549,0.9134542298314146,0.5978370007556206,Bad,0
65.0,4.3,7.649692623711514,8.699514748210191,9.748586591318166,0.8793240594580676,1.049822124498677,Qualified,1
39.0,4.3,9.509778075438817,9.998388557730848,9.390743422947507,0.9511310768259518,0.48861048229203163,Qualified,1
36.0,3.9,6.1070228877422545,6.551080335043404,9.761290146826328,0.9322161499186977,0.4440574473011498,Bad,0
50.0,3.7,7.313220387090301,8.006367567650246,11.382805390036706,0.9134255110444082,0.6931471805599445,Bad,0
40.0,4.2,5.703782474656201,6.214608098422191,10.10368995654877,0.9178024397233218,0.5108256237659905,Qualified,1
59.0,4.3,6.363028103540465,7.244941546337007,12.15005769533348,0.8782718346095655,0.8819134427965416,Qualified,1
24.0,4.2,7.824046010856292,8.101677747454572,11.441569088318415,0.9657315749585933,0.27763173659827967,Qualified,1
80.0,3.9,7.090076835776092,8.699514748210191,10.768948040692958,0.8149968177517924,1.6094379124340996,Bad,0
20.0,4.3,5.991464547107982,6.214608098422191,10.211045778992698,0.9640937050606839,0.2231435513142097,Qualified,1
44.0,3.7,5.634789603169249,6.214608098422191,9.30228124567454,0.906700714498771,0.5798184952529422,Bad,0
41.0,4.3,9.509778075438817,10.038935856711177,9.698920386794853,0.9472894548958981,0.5291577812723602,Qualified,1
26.0,4.3,5.634789603169249,5.929589143389895,10.35885331909775,0.9502833108514309,0.29479954022064536,Qualified,1
50.0,3.9,7.824046010856292,8.517193191416238,8.932212512329214,0.9186178867871037,0.6931471805599463,Bad,0
14.0,4.4,4.927253685157205,5.081404364984463,8.785386587284156,0.9696637644330183,0.15415067982725805,Qualified,1
70.0,4.0,4.0943445622221,5.298317366548036,9.146121799649531,0.7727631772442599,1.203972804325936,Qualified,1
40.0,4.5,5.703782474656201,6.214608098422191,9.95280138908905,0.9178024397233218,0.5108256237659905,Good,2
55.0,3.9,7.495541943884256,8.294049640102028,8.165647925297504,0.9037252330445482,0.7985076962177713,Bad,0
33.0,4.3,7.600902459542082,8.006367567650246,11.065074640365626,0.949357170441881,0.4054651081081637,Qualified,1
72.0,4.2,5.298317366548036,6.551080335043404,9.4054136126953,0.8087700189243568,1.252762968495368,Qualified,1
73.0,4.1,5.991464547107982,7.313220387090301,8.653645314551737,0.8192648696440824,1.3217558399823197,Qualified,1
58.0,4.2,7.438383530044307,8.294049640102028,10.146002265529594,0.8968337365717532,0.8556661100577205,Qualified,1
30.0,4.5,6.551080335043404,6.903747257584598,10.904229720879732,0.9489165942229785,0.3526669225411938,Good,2
81.0,4.2,4.564348191467836,6.214608098422191,7.575584651557793,0.7344547104469331,1.6502599069543553,Qualified,1
32.0,4.2,7.047517221357296,7.438383530044307,11.715694865699932,0.9474527890222026,0.390866308687011,Qualified,1
25.0,4.3,7.310550158534422,7.59890045687141,8.887652690325586,0.9620536813222441,0.28835029833698744,Qualified,1
83.0,4.0,6.745236349484362,8.517193191416238,9.926129283016953,0.7919553070936934,1.7719568419318765,Qualified,1
0.0,4.5,6.089044875446846,6.089044875446846,9.060795734696166,1.0,0.0,Good,2
65.0,3.8,5.857933154483459,6.907755278982137,9.71462464769875,0.8480226814500919,1.0498221244986778,Bad,0
85.0,3.9,6.396929655216146,8.294049640102028,6.992096427415888,0.7712673462052556,1.8971199848858813,Bad,0
63.0,4.0,5.0106352940962555,5.991464547107982,7.340186835320115,0.8362955759314036,0.9808292530117262,Qualified,1
71.0,4.1,5.66988092298052,6.907755278982137,5.996452088619021,0.8207993326329853,1.2378743560016172,Qualified,1
64.0,3.4,5.19295685089021,6.214608098422191,9.146974496354362,0.8356048794466436,1.021651247531981,Bad,0
70.0,4.0,7.313220387090301,8.517193191416238,11.43592562308136,0.8586420693686602,1.2039728043259368,Qualified,1
43.0,3.4,5.991464547107982,6.551080335043404,8.14757773620177,0.9145765645794489,0.5596157879354227,Bad,0
25.0,4.3,6.396929655216146,6.684611727667927,9.667195436466644,0.9569635329362436,0.2876820724517808,Qualified,1
53.0,3.9,6.856461984594587,7.601402334583733,9.613803477413674,0.9019996157024964,0.7449403499891467,Bad,0
75.0,4.1,7.824046010856292,9.210340371976184,10.64875268735818,0.8494850021680093,1.3862943611198917,Qualified,1
12.0,4.3,5.075173815233827,5.198497031265826,6.897704943128636,0.9762771402406725,0.12332321603199947,Qualified,1
54.0,4.5,7.1929342212158,7.972810784121404,9.884559542650608,0.9021829836399979,0.7798765629056046,Good,2
43.0,4.2,6.3473892096560105,6.907755278982137,8.07153089355666,0.918878702748616,0.5603660693261263,Qualified,1
55.0,4.1,6.802394763324311,7.600902459542082,10.324497871979755,0.8949456725082251,0.7985076962177713,Qualified,1
55.0,4.4,6.1092475827643655,6.907755278982137,9.204422898212146,0.884404171258448,0.7985076962177713,Qualified,1
45.0,4.3,6.309918278226516,6.907755278982137,8.95660873889395,0.9134542298314146,0.5978370007556206,Qualified,1
36.0,4.3,7.333023014386481,7.783224016336037,11.133274291755043,0.9421575171157044,0.4502010019495559,Qualified,1
0.0,4.3,4.61512051684126,4.61512051684126,8.037866234709618,1.0,0.0,Qualified,1
80.0,4.2,5.703782474656201,7.313220387090301,6.806829360392176,0.7799276068207696,1.6094379124341005,Qualified,1
28.0,4.1,7.16703787691222,7.493317248862145,10.157043910258533,0.9564572857235598,0.3262793719499255,Qualified,1
30.0,4.1,6.551080335043404,6.907755278982137,12.517922802787774,0.9483660133380856,0.35667494393873245,Qualified,1
20.0,4.5,5.53338948872752,5.755742213586912,8.239065331769268,0.9613685400408466,0.22235272485939195,Good,2
14.0,4.4,5.25227342804663,5.3981627015177525,7.96102146588337,0.9729742726298145,0.14588927347112257,Qualified,1
19.0,4.3,7.170119543449628,7.3777589082278725,10.211854216180742,0.9718560382141683,0.2076393647782444,Qualified,1
56.0,4.3,6.593044534142437,7.409136443920128,11.318818735029057,0.8898533026143189,0.8160919097776915,Qualified,1
20.0,4.3,6.175867270105761,6.398594934535208,8.651724084373843,0.9651911604487861,0.22272766442944647,Qualified,1
74.0,4.0,7.495541943884256,8.852378886511985,10.199174996326047,0.8467262913141814,1.3568369426277291,Qualified,1
60.0,4.3,6.907755278982137,7.824046010856292,7.43307534889858,0.8828878651016684,0.9162907318741551,Qualified,1
25.0,4.0,5.703782474656201,5.991464547107982,7.925518979786926,0.9519846825112832,0.2876820724517808,Qualified,1
66.0,4.4,5.476463551931511,6.551080335043404,9.032767522204432,0.8359634246334161,1.0746167831118933,Qualified,1
39.0,4.0,7.2078598714324755,7.695757990554761,8.8698199525084,0.9366016811182085,0.48789811912228576,Qualified,1
70.0,4.3,5.703782474656201,6.907755278982137,9.94515718770752,0.8257070849065542,1.203972804325936,Qualified,1
60.0,3.3,5.298317366548036,6.214608098422191,7.9391588179567965,0.8525585656629274,0.9162907318741551,Bad,0
80.0,3.7,7.600902459542082,9.210340371976184,7.594381242551817,0.8252574989159952,1.6094379124341014,Bad,0
80.0,4.1,4.605170185988092,6.214608098422191,7.804659297056102,0.741023426265171,1.6094379124340996,Qualified,1
50.0,5.0,6.214608098422191,6.90875477931522,3.1780538303479458,0.8995265133781705,0.694146680893029,Good,2
49.0,4.5,7.491645473605133,8.160803920954665,10.17332383184232,0.9180033666007683,0.669158447349532,Good,2
20.0,3.9,8.101677747454572,8.31898612539206,9.66675204770245,0.973878021352362,0.21730837793748847,Bad,0
31.0,4.4,4.836281906951478,5.198497031265826,8.9939241414114,0.9303231064409881,0.3622151243143481,Qualified,1
66.0,4.1,5.991464547107982,7.0825485693553,7.940939762327791,0.8459475411198436,1.0910840222473182,Qualified,1
85.0,3.6,7.090076835776092,8.987196820661973,10.162422867948395,0.7889085971140282,1.8971199848858813,Bad,0
85.0,3.8,5.4638318050256105,7.3777589082278725,7.068172000388042,0.740581506252827,1.913927103202262,Bad,0
73.0,3.6,6.309918278226516,7.600902459542082,8.767640577257792,0.8301538286818981,1.290984181315566,Bad,0
10.0,4.2,4.499809670330265,4.605170185988092,5.488937726156687,0.9771212547196624,0.10536051565782678,Qualified,1
51.0,4.4,6.878326468291325,7.600902459542082,5.220355825078325,0.90493550008083,0.722575991250757,Qualified,1
57.0,3.8,7.170119543449628,8.006367567650246,9.59082949401417,0.8955521318332322,0.8362480242006178,Bad,0
77.0,4.2,5.442417710521793,6.907755278982137,7.332369205929062,0.787870659964048,1.4653375684603436,Qualified,1
76.0,4.3,4.787491742782046,6.214608098422191,9.618003063627834,0.7703610053862492,1.4271163556401456,Qualified,1
44.0,4.4,6.1092475827643655,6.68586094706836,11.150318676663964,0.9137563032092629,0.5766133643039941,Qualified,1
51.0,4.1,7.438383530044307,8.159374736775426,9.573037148233409,0.9116364635783288,0.720991206731119,Qualified,1
22.0,4.4,6.331501849893691,6.580639137284949,8.065579427282092,0.9621408677495044,0.2491372873912585,Qualified,1
51.0,4.4,5.66988092298052,6.3818160174060985,10.161496191176417,0.8884431809873851,0.7119350944255789,Qualified,1
70.0,4.4,6.396929655216146,7.600902459542082,8.463159302923751,0.8416013347448653,1.203972804325936,Qualified,1
24.0,4.4,8.630521876723241,8.902591637374087,11.198296908533791,0.9694392631120284,0.27206976065084554,Qualified,1
23.0,4.3,7.596392304064196,7.86172707782398,9.923241159022965,0.9662498111250606,0.2653347737597844,Qualified,1
38.0,4.3,6.214608098422191,6.684611727667927,7.661997558901893,0.9296887166534492,0.4700036292457357,Qualified,1
55.0,4.3,6.1092475827643655,6.907755278982137,9.335297611380566,0.884404171258448,0.7985076962177713,Qualified,1
50.0,4.2,6.907755278982137,7.600902459542082,10.21982996548112,0.9088072522638707,0.6931471805599454,Qualified,1
77.0,4.3,4.248495242049359,5.703782474656201,5.545177444479562,0.7448557621064328,1.4552872326068416,Qualified,1
40.0,4.2,6.802394763324311,7.313220387090301,10.050829390434055,0.9301503856402676,0.5108256237659905,Qualified,1
32.0,3.8,6.171700597410915,6.551080335043404,9.914378035367301,0.9420889810184299,0.37937973763248944,Bad,0
44.0,4.3,7.24422751560335,7.820439515262181,9.312445594913337,0.9263197421916876,0.5762119996588311,Qualified,1
73.0,4.5,5.298317366548036,6.621405651764134,11.224936678819944,0.8001801498351654,1.3230882852160981,Good,2
70.0,4.1,5.0106352940962555,6.214608098422191,10.150660081649699,0.8062673003255654,1.203972804325936,Qualified,1
64.0,4.2,7.495541943884256,8.515391569469609,10.626848660502082,0.8802345591197663,1.0198496255853522,Qualified,1
57.0,4.0,6.054439346269371,6.907755278982137,7.856319571406588,0.8764698663675731,0.853315932712766,Qualified,1
60.0,4.1,6.907755278982137,7.820439515262181,9.816403445629014,0.8832950201201772,0.912684236280044,Qualified,1
62.0,4.1,5.937536205082426,6.907755278982137,7.484368643286131,0.8595464033226908,0.9702190738997105,Qualified,1
0.0,4.3,4.605170185988092,4.605170185988092,5.963579343618446,1.0,0.0,Qualified,1
50.0,4.5,7.313220387090301,8.006367567650246,9.066123521215774,0.9134255110444082,0.6931471805599445,Good,2
41.0,4.5,7.504391559161238,8.03947991910045,11.439558756474243,0.9334424160115219,0.5350883599392109,Good,2
11.0,4.1,4.219507705176107,4.330733340286331,7.146772179452637,0.9743171360666436,0.1112256351102241,Qualified,1
30.0,4.3,7.5443321080536885,7.90100705199242,9.763938087586043,0.9548570275166648,0.35667494393873156,Qualified,1
67.0,3.6,6.214608098422191,7.313220387090301,9.123692565250511,0.849777221180502,1.09861228866811,Bad,0
50.0,4.4,6.214608098422191,6.907755278982137,6.93828448401696,0.8996566681120063,0.6931471805599454,Qualified,1
28.0,4.5,8.66561319653451,8.987196820661973,10.825243323841342,0.9642175830189756,0.321583624127463,Good,2
38.0,3.9,6.214608098422191,6.684611727667927,8.816260208734581,0.9296887166534492,0.4700036292457357,Bad,0
59.0,4.0,5.521460917862246,6.398594934535208,7.097548850614793,0.862917714647196,0.8771340166729615,Qualified,1
64.0,4.0,5.19295685089021,6.214608098422191,7.56734567601324,0.8356048794466436,1.021651247531981,Qualified,1
22.0,4.4,8.400659375160286,8.65434302956347,10.126911064657653,0.9706871274299396,0.25368365440318463,Qualified,1
46.0,4.6,5.703782474656201,6.311734809152915,10.417358534488079,0.9036790434200282,0.6079523344967139,Good,2
55.0,4.4,6.4457198193855785,7.237778191923443,8.74862232231722,0.8905660892700865,0.7920583725378645,Qualified,1
21.0,4.4,7.86172707782398,8.100464891029363,10.026545540027982,0.9705278874216507,0.23873781320538257,Qualified,1
65.0,4.3,5.966146739123692,7.003065458786462,6.882437470997847,0.8519335959709202,1.0369187196627694,Qualified,1
38.0,4.3,7.495541943884256,7.976595409316577,9.920492151351953,0.9396918809658498,0.4810534654323204,Qualified,1
49.0,4.4,4.51085950651685,5.170483995038151,8.913281137711804,0.8724250013820158,0.6596244885213016,Qualified,1
0.0,4.0,6.396929655216146,6.396929655216146,10.182027967070626,1.0,0.0,Qualified,1
75.0,4.2,7.600902459542082,8.987196820661973,10.351565051448167,0.8457478578934938,1.3862943611198908,Qualified,1
35.0,3.8,7.649692623711514,8.086717920303906,9.324918276683619,0.945957643026583,0.43702529659239175,Bad,0
64.0,4.1,5.19295685089021,6.214608098422191,9.227689010310796,0.8356048794466436,1.021651247531981,Qualified,1
41.0,4.2,7.204892510204673,7.738923757439457,9.765029759388561,0.9309941195994575,0.5340312472347835,Qualified,1
65.0,4.2,5.857933154483459,6.903747257584598,8.806424063857868,0.8485150072734504,1.0458141031011392,Qualified,1
42.0,4.4,5.662960480135946,6.214608098422191,8.996775795442296,0.911233723905084,0.5516476182862453,Qualified,1
0.0,4.3,6.396929655216146,6.396929655216146,5.87493073085203,1.0,0.0,Qualified,1
22.0,4.1,5.857933154483459,6.111467339502679,9.833976689772,0.9585150061458316,0.25353418501921965,Qualified,1
21.0,4.4,6.779921907472252,7.01211529430638,10.360912399575003,0.9668868270003116,0.23219338683412794,Qualified,1
80.0,3.9,5.298317366548036,6.907755278982137,6.98100574072173,0.7670099985546603,1.6094379124341005,Bad,0
0.0,3.9,5.5254529391317835,5.5254529391317835,9.544810605926722,1.0,0.0,Bad,0
60.0,3.6,5.298317366548036,6.214608098422191,7.821242083523558,0.8525585656629274,0.9162907318741551,Bad,0
53.0,4.4,6.802394763324311,7.550135342488429,9.514363204016016,0.9009632880411821,0.7477405791641178,Qualified,1
80.0,4.0,5.298317366548036,6.907755278982137,6.3561076606958915,0.7670099985546603,1.6094379124341005,Qualified,1
85.0,3.5,5.0106352940962555,6.907755278982137,7.8336002236611035,0.7253637530185604,1.8971199848858813,Bad,0
69.0,4.1,6.152732694704104,7.313220387090301,5.8664680569332965,0.8413164610169886,1.160487692386197,Qualified,1
38.0,4.1,7.080026499922591,7.5652752818989315,7.416378479192928,0.9358584104484112,0.4852487819763409,Qualified,1
43.0,4.0,6.745236349484362,7.313220387090301,8.902863672196222,0.9223346203802942,0.5679840376059397,Qualified,1
18.0,4.1,5.796057750765372,5.991464547107982,8.143807976771484,0.9673858044546169,0.19540679634260982,Qualified,1
62.0,4.0,5.598421958998375,6.551080335043404,4.543294782270004,0.8545799582171179,0.9526583760450293,Qualified,1
25.0,3.8,5.703782474656201,5.993961427306569,10.618787537737207,0.9515881181136058,0.2901789526503684,Bad,0
63.0,4.3,6.309918278226516,7.313220387090301,9.306286713023391,0.8628098080245374,1.0033021088637852,Qualified,1
5.0,4.2,4.74493212836325,4.795790545596741,9.098179005087852,0.9893951963185326,0.05085841723349116,Qualified,1
0.0,4.1,4.795790545596741,4.795790545596741,8.368461137615839,1.0,0.0,Qualified,1
51.0,4.2,6.878326468291325,7.600902459542082,6.137727054086234,0.90493550008083,0.722575991250757,Qualified,1
70.0,4.5,5.3471075307174685,6.54534966033442,11.586984150195084,0.8169322966993745,1.1982421296169514,Good,2
35.0,4.6,7.307202314764738,7.738923757439457,9.273596821611198,0.944214278857612,0.4317214426747187,Good,2
0.0,4.3,4.605170185988092,4.605170185988092,8.52456594574565,1.0,0.0,Qualified,1
40.0,4.0,5.0106352940962555,5.521460917862246,8.52872642722991,0.9074836114272873,0.5108256237659905,Qualified,1
79.0,4.2,6.3561076606958915,7.937374696163295,9.052282067317908,0.8007821104587964,1.5812670354674037,Qualified,1
67.0,3.3,5.8111409929767,6.907755278982137,9.189423123720795,0.8412488222705214,1.0966142860054369,Bad,0
15.0,4.3,5.187385805840755,5.351858133476067,7.804251383528112,0.9692681824642303,0.16447232763531172,Qualified,1
54.0,3.7,7.3777589082278725,8.157943507105037,6.517671272912275,0.9043650402582863,0.7801845988771641,Bad,0
62.0,3.9,6.214608098422191,7.170119543449628,7.068172000388042,0.866737027292612,0.9555114450274367,Bad,0
60.0,4.3,5.298317366548036,6.214608098422191,9.21024036697585,0.8525585656629274,0.9162907318741551,Qualified,1
58.0,4.1,7.824046010856292,8.699514748210191,8.674709629291222,0.8993657965193961,0.8754687373538994,Qualified,1
80.0,4.2,5.298317366548036,6.907755278982137,5.8944028342648505,0.7670099985546603,1.6094379124341005,Qualified,1
48.0,4.5,6.84587987526405,7.496097345175956,12.231023761291087,0.9132592014256128,0.6502174699119063,Good,2
75.0,4.0,7.824046010856292,9.210340371976184,9.115040192121858,0.8494850021680093,1.3862943611198917,Qualified,1
50.0,4.5,7.272398392570047,7.969357742016346,8.318742252692399,0.9125451043850418,0.6969593494462991,Good,2
82.0,3.5,7.003065458786462,8.699514748210191,9.470162947548884,0.8049949521871032,1.6964492894237297,Bad,0
2.0,4.5,5.062595033026967,5.081404364984463,8.395929103923198,0.9962983989058005,0.018809331957496234,Good,2
38.0,4.3,6.907755278982137,7.3777589082278725,9.400464740833158,0.9362945258726773,0.4700036292457357,Qualified,1
88.0,3.3,4.7535901911063645,6.907755278982137,8.646992628951082,0.6881526630756395,2.1541650878757723,Bad,0
65.0,4.1,5.170483995038151,6.214608098422191,3.091042453358316,0.8319887454127429,1.04412410338404,Qualified,1
57.0,3.8,7.600902459542082,8.45553053102413,7.53955882930103,0.8989267357800509,0.8546280714820487,Bad,0
8.0,3.5,8.294049640102028,8.374236952704383,9.987966559114067,0.9904245230872696,0.08018731260235512,Bad,0
50.0,4.1,6.802394763324311,7.496097345175956,10.015744234881796,0.9074581679094561,0.6937025818516451,Qualified,1
70.0,4.5,5.703782474656201,6.898714534329988,7.805474625270857,0.8267891715583444,1.1949320596737874,Good,2
30.0,4.4,8.102889134640868,8.45531778769815,9.513772754519195,0.9583186981369242,0.3524286530572809,Qualified,1
66.0,4.1,7.544861068658458,8.610865667278873,9.303557453687317,0.8762023889571042,1.066004598620415,Qualified,1
10.0,4.3,4.51085950651685,4.61512051684126,8.026823576217629,0.9774088217319686,0.10426101032440993,Qualified,1
43.0,3.6,7.3777589082278725,7.934155233536322,7.728855823852543,0.9298732746043766,0.5563963253084498,Bad,0
40.0,4.0,6.396929655216146,6.907755278982137,8.936166649549195,0.9260504167945479,0.5108256237659905,Qualified,1
58.0,4.1,6.230481447578482,7.097548850614793,9.003562174748238,0.8778356554796795,0.8670674030363106,Qualified,1
53.0,4.5,6.054439346269371,6.802394763324311,8.347590407030058,0.8900452791879111,0.7479554170549401,Good,2
63.0,4.2,7.313220387090301,8.294049640102028,10.663732476628567,0.88174302113296,0.9808292530117262,Qualified,1
78.0,4.3,6.309918278226516,7.824046010856292,8.622813673279921,0.8064776548439464,1.5141277326297757,Qualified,1
50.0,4.2,5.298317366548036,5.981414211254481,11.436001223156996,0.8857967663531567,0.6830968447064443,Qualified,1
21.0,4.6,7.16703787691222,7.406103381237015,9.423514392252901,0.9677204743144073,0.23906550432479534,Good,2
0.0,4.5,5.739792912179234,5.739792912179234,8.679822114864455,1.0,0.0,Good,2
0.0,4.3,5.0106352940962555,5.0106352940962555,9.290444616217844,1.0,0.0,Qualified,1
23.0,4.1,7.047517221357296,7.313220387090301,9.25378292981902,0.9636681035618674,0.26570316573300534,Qualified,1
62.0,4.5,6.214608098422191,7.170119543449628,6.075346031088684,0.866737027292612,0.9555114450274367,Good,2
76.0,3.5,6.907755278982137,8.34283980427146,7.5569505720129,0.8279860863977548,1.435084525289323,Bad,0
57.0,4.4,7.444248649496705,8.294299608857235,8.016317898503415,0.8975138348688555,0.8500509593605301,Qualified,1
0.0,4.2,5.5254529391317835,5.5254529391317835,7.874358824729881,1.0,0.0,Qualified,1
45.0,4.4,7.090076835776092,7.696212639346407,10.117832509493988,0.9212423263266553,0.6061358035703153,Qualified,1
10.0,4.4,4.51085950651685,4.61512051684126,9.27977314669152,0.9774088217319686,0.10426101032440993,Qualified,1
66.0,4.2,7.613818684808629,8.699514748210191,8.737773460327283,0.8752003882026949,1.0856960634015627,Qualified,1
25.0,4.5,7.310550158534422,7.59890045687141,9.263122557415151,0.9620536813222441,0.28835029833698744,Good,2
62.0,4.3,6.684611727667927,7.650168700845001,9.010547069270189,0.8737861855163505,0.9655569731770735,Qualified,1
25.0,3.8,6.802394763324311,7.090076835776092,9.282847062762931,0.9594246890245033,0.2876820724517808,Bad,0
65.0,3.9,5.857933154483459,6.907755278982137,6.706862336602747,0.8480226814500919,1.0498221244986778,Bad,0
64.0,4.0,6.803505257608338,7.824046010856292,10.501911880781186,0.8695635542234927,1.0205407532479542,Qualified,1
38.0,4.1,7.820439515262181,8.291797105048733,8.19063168090354,0.943153747756376,0.4713575897865523,Qualified,1
42.0,4.4,4.762173934797756,5.303304908059076,5.8805329864007,0.8979634430524636,0.5411309732613194,Qualified,1
13.0,4.4,5.303304908059076,5.442417710521793,9.227295812625597,0.9744391537250492,0.1391128024627175,Qualified,1
55.0,4.4,7.1308988302963465,7.936302693201959,8.433594167539924,0.898516488843665,0.8054038629056128,Qualified,1
35.0,3.5,6.476972362889683,6.907755278982137,8.885025658050846,0.9376377855476186,0.4307829160924541,Bad,0
24.0,4.5,7.882314918980268,8.160518247477505,7.148345743900068,0.9659086200091235,0.27820332849723695,Good,2
43.0,4.1,5.298317366548036,5.857933154483459,5.752572638825633,0.9044687310050453,0.5596157879354227,Qualified,1
18.0,4.4,6.391917113392602,6.584791392385716,8.077136638538454,0.9707091284294681,0.1928742789931137,Qualified,1
58.0,4.1,7.824046010856292,8.699514748210191,10.568235258574376,0.8993657965193961,0.8754687373538994,Qualified,1
60.0,4.2,8.517193191416238,9.433483923290392,8.421122722665503,0.9028682574407194,0.9162907318741542,Qualified,1
69.0,4.2,5.991464547107982,7.1631723908466425,11.239054248743635,0.836426128004973,1.1717078437386608,Qualified,1
42.0,4.3,4.762173934797756,5.303304908059076,6.186208623900494,0.8979634430524636,0.5411309732613194,Qualified,1
25.0,4.3,8.411832675758411,8.699514748210191,10.707661664255449,0.9669312506756809,0.2876820724517799,Qualified,1
34.0,3.7,5.802118375377063,6.214608098422191,9.055672891964043,0.9336257867732876,0.41248972304512854,Bad,0
74.0,3.9,6.476972362889683,7.824046010856292,9.47654341275084,0.827829022720793,1.3470736479666092,Bad,0
23.0,4.5,7.118826249062078,7.3777589082278725,9.722025626154055,0.9649036160727581,0.25893265916579455,Good,2
53.0,4.1,7.24422751560335,8.003363058629947,11.484268755720423,0.9051479312552204,0.7591355430265976,Qualified,1
15.0,4.0,5.60947179518496,5.771441123130016,8.212568398234145,0.9719360685677036,0.16196932794505603,Qualified,1
90.0,3.8,4.605170185988092,6.907755278982137,6.38856140554563,0.6666666666666667,2.302585092994045,Bad,0
10.0,3.4,8.160232492367689,8.262558973010657,9.40804303080844,0.9876156429288778,0.10232648064296868,Bad,0
47.0,4.3,9.22029070282935,9.858019364488982,7.8724551500639794,0.9353086418193813,0.6377286616596312,Qualified,1
55.0,4.3,6.1092475827643655,6.907755278982137,9.180087328805161,0.884404171258448,0.7985076962177713,Qualified,1
0.0,4.3,5.017279836814924,5.017279836814924,9.672059781634221,1.0,0.0,Qualified,1
77.0,4.2,5.855071922202427,7.313220387090301,6.487684018484611,0.8006147240602952,1.4581484648878744,Qualified,1
60.0,4.1,7.090076835776092,8.006367567650246,9.280425979542871,0.8855547507490875,0.9162907318741542,Qualified,1
56.0,4.0,5.986452005284438,6.802394763324311,8.0149968943483,0.880050660623359,0.8159427580398733,Qualified,1
56.0,4.3,5.043425116919247,5.857933154483459,8.862908295118627,0.8609564131094913,0.8145080375642122,Qualified,1
53.0,4.0,6.551080335043404,7.307202314764738,8.654691704601872,0.8965237382036715,0.7561219797213337,Qualified,1
16.0,4.1,7.426549072397305,7.600902459542082,11.192224210061212,0.97706148867548,0.17435338714477755,Qualified,1
76.0,4.0,5.872117789475416,7.313886831633462,6.934397209928558,0.8028723884648834,1.4417690421580458,Qualified,1
78.0,3.8,7.090076835776092,8.612503371220562,7.622663951323595,0.8232306601432758,1.5224265354444704,Bad,0
75.0,4.2,5.940171252720432,7.313220387090301,8.330863613224745,0.8122510929940452,1.3730491343698699,Qualified,1
36.0,4.3,6.214608098422191,6.654152520183219,4.31748811353631,0.9339443422091976,0.4395444217610276,Qualified,1
68.0,4.4,9.248599084093273,10.373522431293592,10.631012004932307,0.8915582094075599,1.124923347200319,Qualified,1
50.0,4.1,6.476972362889683,7.170888478512505,8.55564437779049,0.9032315008520723,0.6939161156228222,Qualified,1
40.0,4.5,7.090076835776092,7.600902459542082,10.017753298664472,0.9327940824809946,0.5108256237659905,Good,2
86.0,4.0,4.941642422609304,6.907755278982137,7.1808311990445555,0.715376011892746,1.966112856372833,Qualified,1
56.0,4.2,6.7912214627261855,7.600902459542082,7.734121303328305,0.893475675931161,0.8096809968158967,Qualified,1
36.0,3.9,7.251344983372214,7.696212639346407,6.059123195581797,0.9421965482476622,0.44486765597419264,Bad,0
73.0,4.3,6.309918278226516,7.600902459542082,7.221105098182496,0.8301538286818981,1.290984181315566,Qualified,1
58.0,4.0,6.620073206530356,7.495541943884256,9.487972108574462,0.8832014090631285,0.8754687373539003,Qualified,1
61.0,4.2,5.799092654460526,6.740519359606223,10.300483565552913,0.8603332095168561,0.9414267051456973,Qualified,1
66.0,4.3,5.940171252720432,7.003065458786462,7.939871576361883,0.8482244365240853,1.06289420606603,Qualified,1
25.0,4.2,8.699348067653093,8.987196820661973,10.320749470523804,0.9679712418952366,0.28784875300888046,Qualified,1
80.0,4.2,5.703782474656201,7.313220387090301,7.9617188159813645,0.7799276068207696,1.6094379124341005,Qualified,1
75.0,4.1,5.940171252720432,7.313220387090301,6.508769136971682,0.8122510929940452,1.3730491343698699,Qualified,1
53.0,4.3,7.24422751560335,8.006367567650246,8.169336395928386,0.9048082609738871,0.7621400520468962,Qualified,1
46.0,4.3,6.551080335043404,7.170119543449628,8.729720590267258,0.9136640324258253,0.6190392084062237,Qualified,1
0.0,4.2,5.707110264748875,5.707110264748875,6.040254711277414,1.0,0.0,Qualified,1
50.0,4.5,6.907755278982137,7.59890045687141,8.898092345579153,0.9090466861867765,0.6911451778892728,Good,2
0.0,4.4,6.284134161070802,6.284134161070802,8.395477432732141,1.0,0.0,Qualified,1
44.0,4.2,9.546812608597396,10.126631103850338,10.719692720587927,0.9427431996577338,0.5798184952529422,Qualified,1
76.0,4.1,5.598421958998375,7.003065458786462,6.996681488176539,0.7994244794576727,1.4046434997880866,Qualified,1
24.0,4.3,5.834810737062605,6.111467339502679,7.821643126239982,0.9547315583850299,0.27665660244007384,Qualified,1
38.0,4.4,7.824046010856292,8.294049640102028,9.447781227991216,0.9433324311234826,0.4700036292457357,Qualified,1
42.0,4.1,5.857933154483459,6.396929655216146,5.351858133476067,0.9157413744118349,0.5389965007326873,Qualified,1
16.0,3.6,8.68270762989381,8.854522203757432,8.34283980427146,0.9805958390628112,0.17181457386362098,Bad,0
42.0,4.0,6.551080335043404,7.090076835776092,9.575261224768767,0.9239787504117101,0.5389965007326873,Qualified,1
48.0,4.0,7.356279876550748,8.006367567650246,9.315960853839867,0.9188036665058723,0.6500876910994977,Qualified,1
59.0,4.4,5.7899601708972535,6.684611727667927,9.28489110324048,0.8661625247330869,0.8946515567706737,Qualified,1
88.0,3.9,4.795790545596741,6.907755278982137,8.778325928634482,0.6942617901054834,2.1119647333853955,Bad,0
34.0,4.3,6.489204931325317,6.907755278982137,9.54287630006159,0.9394086312046519,0.41855034765681953,Qualified,1
31.0,4.6,7.59890045687141,7.971085753505607,9.283683766200392,0.9533080802109658,0.3721852966341972,Good,2
0.0,4.4,7.313886831633462,7.313886831633462,10.165736425730918,1.0,0.0,Qualified,1
17.0,4.5,7.878912912297132,8.069655306886165,9.689489552881621,0.9763630059357968,0.19074239458903364,Good,2
17.0,3.9,8.575462099540212,8.757154527656606,9.0217190130337,0.9792521157937115,0.18169242811639386,Bad,0
62.0,4.1,5.575949103146316,6.551080335043404,6.111467339502679,0.8511495536574537,0.9751312318970884,Qualified,1
34.0,4.3,7.596392304064196,8.006367567650246,9.563669725663818,0.9487938493802662,0.4099752635860501,Qualified,1
14.0,4.5,7.162397497355718,7.313220387090301,9.936390272211836,0.979376679253257,0.15082288973458358,Good,2
0.0,4.5,5.111987788356544,5.111987788356544,7.423568444259167,1.0,0.0,Good,2
51.0,3.6,7.438383530044307,8.160518247477505,8.94767606249969,0.9115087184988017,0.7221347174331978,Bad,0
69.0,4.1,7.7406644019172415,8.922791623969637,8.62245370207373,0.867515989180247,1.1821272220523955,Qualified,1
69.0,4.3,5.393627546352361,6.55250788703459,9.90618391408387,0.8231394207132052,1.158880340682229,Qualified,1
0.0,3.8,3.6888794541139363,4.163450124003127,8.11522197256233,0.8860150462345651,0.4745706698891907,Bad,0
29.0,4.6,10.203592144986466,10.545341438708522,7.967973179662935,0.9675923917960962,0.34174929372205654,Good,2
25.0,4.1,7.307202314764738,7.596392304064196,11.49528070779676,0.9619306142015945,0.28918998929945783,Qualified,1
80.0,4.0,5.988961416889864,7.575584651557793,4.330733340286331,0.790560952369311,1.586623234667929,Qualified,1
61.0,4.5,5.857933154483459,6.802394763324311,5.0106352940962555,0.8611574832538392,0.944461608840852,Good,2
50.0,4.3,6.647688373563329,7.344719054149673,7.857867559331803,0.9050977068765441,0.6970306805863435,Qualified,1
79.0,4.0,5.634789603169249,7.170119543449628,8.53168763756669,0.7858710819287521,1.5353299402803788,Qualified,1
58.0,4.5,5.521460917862246,6.396929655216146,8.697178688412643,0.8631423535132936,0.8754687373539003,Good,2
77.0,4.0,4.7535901911063645,6.214608098422191,8.953252164609035,0.7649058662787183,1.461017907315827,Qualified,1
0.0,4.5,5.442417710521793,5.442417710521793,9.151439264056021,1.0,0.0,Good,2
60.0,4.1,5.991464547107982,6.907755278982137,7.484930283289661,0.8673533304426542,0.9162907318741551,Qualified,1
14.0,4.3,6.396929655216146,6.55250788703459,7.741533589281828,0.9762566891180268,0.15557823181844377,Qualified,1
48.0,4.1,6.395261598115449,7.048386408721883,7.8383433155571165,0.9073369743466054,0.6531248106064336,Qualified,1
73.0,4.0,5.991464547107982,7.313220387090301,6.539585955617669,0.8192648696440824,1.3217558399823197,Qualified,1
62.0,4.1,6.214608098422191,7.170119543449628,7.916078096302786,0.866737027292612,0.9555114450274367,Qualified,1
60.0,4.1,5.298317366548036,6.214608098422191,6.401917196727186,0.8525585656629274,0.9162907318741551,Qualified,1
47.0,4.4,6.363028103540465,6.994849985833071,8.155649270366002,0.9096732762572095,0.6318218822926056,Qualified,1
55.0,4.0,5.19295685089021,5.991464547107982,7.261225091971921,0.8667257913420847,0.7985076962177713,Qualified,1
10.0,4.1,4.51085950651685,4.61512051684126,8.732304571033183,0.9774088217319686,0.10426101032440993,Qualified,1
55.0,4.4,6.802394763324311,7.600902459542082,7.419380582918692,0.8949456725082251,0.7985076962177713,Qualified,1
36.0,4.3,7.047517221357296,7.496097345175956,8.460411177317253,0.9401581778940825,0.44858012381865997,Qualified,1
50.0,4.2,5.521460917862246,6.214608098422191,10.03718768092397,0.8884648606022435,0.6931471805599454,Qualified,1
0.0,3.6,3.6888794541139363,4.163450124003127,9.515837804297965,0.8860150462345651,0.4745706698891907,Bad,0
56.0,4.2,7.3777589082278725,8.1886891244442,9.691716587516886,0.9009694709504106,0.8109302162163283,Qualified,1
70.0,4.2,7.090076835776092,8.291797105048733,7.975564658495202,0.8550711921615961,1.2017202692726414,Qualified,1
58.0,3.9,5.3471075307174685,6.214608098422191,6.285998094508865,0.8604094491614089,0.867500567704723,Bad,0
27.0,4.2,7.003065458786462,7.313220387090301,7.773173680482536,0.9575898288459428,0.31015492830383984,Qualified,1
0.0,4.5,4.795790545596741,4.795790545596741,8.507546814364431,1.0,0.0,Good,2
57.0,4.3,7.326465613840322,8.160518247477505,6.013715156042802,0.8977941586130272,0.8340526336371825,Qualified,1
0.0,4.2,6.042632833682381,6.042632833682381,7.563719668414366,1.0,0.0,Qualified,1
0.0,4.1,5.420534999272286,5.420534999272286,8.476162841858246,1.0,0.0,Qualified,1
75.0,4.1,5.298317366548036,6.684611727667927,8.900276348631271,0.7926140787830724,1.3862943611198908,Qualified,1
55.0,4.6,7.495541943884256,8.294049640102028,5.5053315359323625,0.9037252330445482,0.7985076962177713,Good,2
13.0,3.8,9.030016817844901,9.172223049863055,8.203304026795282,0.9844959906398835,0.14220623201815386,Bad,0
46.0,4.3,8.104099056143582,8.716207971151853,7.830425617820331,0.9297734844058132,0.612108915008271,Qualified,1
75.0,4.2,5.786897381366708,7.170119543449628,9.266437111328052,0.8070852021781724,1.3832221620829204,Qualified,1
65.0,4.2,6.1092475827643655,7.170888478512505,8.509161019718974,0.8519512750854604,1.0616408957481394,Qualified,1
5.0,4.4,5.942799375126701,5.993961427306569,7.655390644826152,0.9914644008306777,0.051162052179868134,Qualified,1
64.0,3.9,6.214608098422191,7.24422751560335,7.288244401020124,0.8578703643744678,1.0296194171811583,Bad,0
38.0,4.0,10.327706173643904,10.889878985510414,5.780743515792329,0.9483765785997703,0.5621728118665104,Qualified,1
66.0,4.2,6.745236349484362,7.820439515262181,11.420689554752878,0.8625137163097446,1.0752031657778192,Qualified,1
60.0,3.7,6.684611727667927,7.600902459542082,6.037870919922137,0.8794497447176348,0.9162907318741551,Bad,0
63.0,4.5,7.8632667240095735,8.85366542803745,7.3310603052186325,0.8881368725667541,0.9903987040278768,Good,2
80.0,4.5,5.298317366548036,6.907755278982137,4.852030263919617,0.7670099985546603,1.6094379124341005,Good,2
66.0,3.6,5.598421958998375,6.68586094706836,9.2237500588861,0.8373524372284756,1.0874389880699846,Bad,0
70.0,4.3,5.700443573390686,6.907755278982137,7.347943823148687,0.8252237294414765,1.2073117055914508,Qualified,1
50.0,4.1,7.313220387090301,8.006367567650246,10.137096153698101,0.9134255110444082,0.6931471805599445,Qualified,1
48.0,3.9,6.476972362889683,7.1276936993473985,11.722910825746656,0.9087052048101766,0.6507213364577158,Bad,0
29.0,3.6,7.090076835776092,7.4360278163518485,9.495594499353297,0.9534763735263322,0.3459509805757568,Bad,0
40.0,4.0,7.090076835776092,7.601402334583733,9.827901565579532,0.9327327411047185,0.5113254988076417,Qualified,1
54.0,4.1,6.1224928095143865,6.907755278982137,8.182838710766026,0.8863216142214784,0.7852624694677504,Qualified,1
90.0,3.7,5.298317366548036,7.600902459542082,7.616775808698373,0.6970642492453764,2.302585092994046,Bad,0
41.0,3.9,5.683579767338681,6.214608098422191,10.714306651468048,0.9145515979972524,0.53102833108351,Bad,0
60.0,4.1,5.298317366548036,6.206575926724928,12.508263948174513,0.8536618949160009,0.9082585601768915,Qualified,1
40.0,3.9,6.620073206530356,7.1276936993473985,10.366718297494435,0.9287819434688223,0.5076204928170425,Bad,0
10.0,3.9,7.24422751560335,7.346010209913293,7.864419904994565,0.9861444932144814,0.10178269430994291,Bad,0
48.0,3.9,6.620073206530356,7.27655640271871,11.05644597094435,0.9097810612801579,0.6564831961883542,Bad,0
47.0,3.8,7.438383530044307,8.069029328774958,10.897350250005168,0.9218436601188565,0.6306457987306509,Bad,0
22.0,3.8,6.950814768442584,7.204892510204673,9.654577374584886,0.9647353875991591,0.25407774176208964,Bad,0
50.0,4.1,6.214608098422191,6.907755278982137,8.48879371689454,0.8996566681120063,0.6931471805599454,Qualified,1
11.0,4.1,7.289610521451167,7.409136443920128,9.555418330069251,0.9838677660515966,0.1195259224689611,Qualified,1
50.0,3.3,5.521460917862246,6.214608098422191,9.03931477492408,0.8884648606022435,0.6931471805599454,Bad,0
55.0,4.2,6.439350371100098,7.244941546337007,10.056937987248993,0.888806394077229,0.8055911752369083,Qualified,1
48.0,4.0,7.1631723908466425,7.824445930877619,8.784315349902657,0.9154862151425455,0.6612735400309768,Qualified,1
42.0,4.3,8.188966863648876,8.730851903519232,9.386392315756542,0.9379344597917262,0.5418850398703565,Qualified,1
53.0,4.0,8.787220328629298,9.546812608597396,7.993619994827744,0.9204349858837654,0.7595922799680981,Qualified,1
46.0,4.5,7.3938782901077555,8.005033344637111,10.064117198461096,0.9236536528684428,0.6111550545293554,Good,2
56.0,4.1,7.8632667240095735,8.681181041521688,9.988931034353595,0.9057830595168943,0.8179143175121144,Qualified,1
40.0,4.0,7.090076835776092,7.601402334583733,9.549024446393997,0.9327327411047185,0.5113254988076417,Qualified,1
58.0,4.2,8.612503371220562,9.484253080341965,8.76389700713946,0.9080845163307293,0.8717497091214028,Qualified,1
63.0,3.8,7.170119543449628,8.160803920954665,10.693103332582247,0.8786045606412334,0.9906843775050369,Bad,0
24.0,4.2,6.396929655216146,6.666956792429207,10.09608941873764,0.9594976920324885,0.27002713721306026,Qualified,1
38.0,4.2,7.600902459542082,8.074337694089515,10.629827700451838,0.9413654404256598,0.4734352345474324,Qualified,1
45.0,3.6,6.309918278226516,6.90875477931522,6.980075940561763,0.9133220789827976,0.5988365010887042,Bad,0
50.0,3.8,6.907755278982137,7.601402334583733,7.059617628291383,0.9087474882830837,0.6936470556015966,Bad,0
80.0,4.1,5.988961416889864,7.600902459542082,5.552959584921617,0.7879276768472924,1.6119410426522185,Qualified,1
25.0,4.1,6.29156913955832,6.580639137284949,10.491774092479899,0.9560726562122515,0.2890699977266289,Qualified,1
56.0,4.1,6.551080335043404,7.375255778009754,8.99850761180784,0.8882512732068586,0.8241754429663493,Qualified,1
41.0,4.1,7.67275789664251,8.201385955238608,10.354212792049157,0.9355440578603134,0.5286280585960981,Qualified,1
55.0,4.2,8.1886891244442,8.981052985901483,4.919980925828125,0.9117738351281147,0.7923638614572823,Qualified,1
65.0,4.0,5.863631175598097,6.907755278982137,8.59062950948942,0.8488475544927103,1.04412410338404,Qualified,1
8.0,4.3,7.387090235656757,7.465082736399547,10.544683327463973,0.9895523594986428,0.0779925007427904,Qualified,1
44.0,4.2,6.579251212010101,7.16703787691222,9.753768704286186,0.9179875040432527,0.5877866649021186,Qualified,1
55.0,4.2,6.520621127558696,7.313220387090301,6.803505257608338,0.8916210345676516,0.7925992595316051,Qualified,1
48.0,3.7,6.697034247666484,7.343426229147367,6.884486652042782,0.9119767855888253,0.6463919814808827,Bad,0
61.0,4.1,7.585788821732034,8.517393171418904,8.502688505213357,0.8906233009398961,0.9316043496868698,Qualified,1
12.0,4.4,7.307202314764738,7.4360278163518485,8.173011311724972,0.9826754949324124,0.12882550158711048,Qualified,1
37.0,3.8,7.824046010856292,8.28045768658256,7.913155185928068,0.9448808637153203,0.45641167572626795,Bad,0
21.0,4.0,7.418180822726788,7.649692623711514,9.572828387229206,0.9697358034665188,0.2315118009847268,Qualified,1
39.0,4.2,8.080237416216702,8.574707097616844,10.589735991404917,0.9423339274716953,0.49446968140014214,Qualified,1
50.0,3.8,7.495541943884256,8.18757739559151,9.189321004752108,0.9154773850345682,0.6920354517072544,Bad,0
26.0,4.2,7.139660335964919,7.438383530044307,7.969703583278656,0.9598403076592088,0.29872319407938797,Qualified,1
34.0,4.0,6.620073206530356,7.029972911706386,7.802618063442671,0.9416925626422457,0.4098997051760298,Qualified,1
40.0,3.9,8.160518247477505,8.664923303440572,10.140178916395607,0.9417877067921901,0.5044050559630673,Bad,0
62.0,4.3,5.940171252720432,6.907755278982137,8.038189179973203,0.8599278655389367,0.9675840262617053,Qualified,1
54.0,3.8,7.003065458786462,7.783640596221253,3.071170165610618,0.899715932694305,0.7805751374347913,Bad,0
42.0,4.0,6.620073206530356,7.170119543449628,4.787491742782046,0.9232863087447719,0.5500463369192721,Qualified,1
0.0,4.2,7.170119543449628,7.170119543449628,10.599306161651231,1.0,0.0,Qualified,1
50.0,4.2,6.309918278226516,6.994849985833071,9.47500967011889,0.9020805722790665,0.6849317076065544,Qualified,1
55.0,3.6,6.802394763324311,7.601402334583733,5.676753802268282,0.894886820077367,0.7990075712594225,Bad,0
14.0,4.3,7.186901020411631,7.343426229147367,9.645623148493529,0.97868498928818,0.1565252087357356,Qualified,1
45.0,4.0,7.003065458786462,7.600902459542082,6.405228458030842,0.9213465764180274,0.5978370007556206,Qualified,1
11.0,4.2,6.654152520183219,6.775366090936392,10.750385332901992,0.9821096647581414,0.12121357075317274,Qualified,1
59.0,4.1,8.748304912379623,9.633710883953182,8.081475040137052,0.9080929475423252,0.885405971573558,Qualified,1
24.0,4.0,8.068089626278244,8.341886969516187,7.1569563646156364,0.9671780084963412,0.273797343237943,Qualified,1
60.0,4.3,6.684611727667927,7.595889917718538,4.2626798770413155,0.8800300952328285,0.9112781900506111,Qualified,1
46.0,4.0,7.90100705199242,8.517393171418904,10.172177918806309,0.9276320692233818,0.6163861194264841,Qualified,1
39.0,3.9,6.396929655216146,6.898714534329988,9.690727406601606,0.9272640030810354,0.501784879113842,Bad,0
33.0,4.2,6.620073206530356,7.013915474810528,10.482737886415961,0.943848443897763,0.39384226828017166,Qualified,1
40.0,4.1,8.732304571033183,9.249657234353133,9.574427775630369,0.9440679097384811,0.5173526633199508,Qualified,1
27.0,4.4,7.506591780070841,7.820439515262181,8.98054977794018,0.9598682740811636,0.3138477351913398,Qualified,1
37.0,4.0,7.090076835776092,7.550135342488429,7.476472381163905,0.939066190757753,0.46005850671233706,Qualified,1
48.0,3.8,8.086410275323782,8.74766979009724,9.551302513870247,0.9244073529704981,0.661259514773457,Bad,0
65.0,4.0,5.857933154483459,6.907755278982137,9.658034484302057,0.8480226814500919,1.0498221244986778,Qualified,1
38.0,3.1,6.956545443151569,7.438383530044307,4.718498871295094,0.9352227422871447,0.4818380868927381,Bad,0
47.0,4.3,6.684611727667927,7.313886831633462,9.179468708309095,0.9139616022982687,0.6292751039655347,Qualified,1
48.0,4.2,8.517193191416238,9.174816815907135,7.480428306074208,0.9283229695277707,0.6576236244908973,Qualified,1
34.0,4.4,8.85366542803745,9.267759862843668,9.350102314351341,0.9553188212756346,0.4140944348062181,Qualified,1
60.0,4.1,6.684611727667927,7.600902459542082,7.679251425953058,0.8794497447176348,0.9162907318741551,Qualified,1
0.0,4.2,4.499809670330265,4.499809670330265,9.884406664723336,1.0,0.0,Qualified,1
44.0,4.1,7.244941546337007,7.818430272070656,9.903437551286085,0.9266491219110451,0.5734887257336494,Qualified,1
61.0,4.1,5.87493073085203,6.802394763324311,6.9584483932976555,0.8636562468451873,0.9274640324722805,Qualified,1
34.0,4.1,7.682482446534506,8.09559870137819,7.448333860897476,0.9489702651919548,0.4131162548436844,Qualified,1
26.0,3.9,7.937374696163295,8.242756345714477,10.402200108418317,0.9629515132143929,0.3053816495511823,Bad,0
28.0,3.9,6.802394763324311,7.1308988302963465,9.765661235628725,0.9539323057597798,0.3285040669720356,Bad,0
50.0,3.8,7.824046010856292,8.517393171418904,7.5443321080536885,0.9185963185438922,0.6933471605626123,Bad,0
51.0,4.0,8.1886891244442,8.895629627136483,9.242323417829233,0.9205294585854013,0.7069405026922819,Qualified,1
20.0,4.2,6.214608098422191,6.439350371100098,8.585972706811063,0.9650986109271902,0.22474227267790692,Qualified,1
36.0,4.1,6.483107351457199,6.928537818164665,8.121777419161074,0.9357107547945147,0.44543046670746644,Qualified,1
47.0,4.3,8.474285690404962,9.103979355984773,6.925595197110468,0.930833139997636,0.6296936655798113,Qualified,1
14.0,3.7,7.251344983372214,7.402451520818244,6.669498089857879,0.9795869602089164,0.15110653744602942,Bad,0
16.0,4.2,6.625392368007956,6.802394763324311,9.823524008395744,0.9739793996857286,0.17700239531635464,Qualified,1
71.0,4.3,5.869296913133774,7.090076835776092,6.4457198193855785,0.8278185200360119,1.2207799226423175,Qualified,1
42.0,4.3,7.003065458786462,7.549609165154532,9.634103708365723,0.9276063575726992,0.5465437063680705,Qualified,1
24.0,4.4,9.082507000466299,9.358415490041546,8.000349495324684,0.9705176063331612,0.2759084895752473,Qualified,1
23.0,3.8,7.204892510204673,7.467942332285852,7.810758116529357,0.9647761310442977,0.2630498220811788,Bad,0
0.0,4.5,7.647786045440933,7.647786045440933,8.980927207648378,1.0,0.0,Good,2
35.0,3.8,7.312553498102598,7.741099090035366,4.564348191467836,0.9446402136249091,0.4285455919327683,Bad,0
26.0,3.8,7.696212639346407,8.003363058629947,7.351799869057777,0.9616223308834724,0.30715041928354037,Bad,0
14.0,4.1,8.216088098632316,8.3654396361887,10.186559012430227,0.9821466002921958,0.14935153755638453,Qualified,1
11.0,4.1,5.181783550292085,5.298317366548036,8.213110697596676,0.9780055047302922,0.11653381625595127,Qualified,1
54.0,3.8,7.047517221357296,7.824046010856292,8.385716828627851,0.9007509939970292,0.7765287894989958,Bad,0
51.0,3.3,5.501258210544727,6.214608098422191,6.171700597410915,0.8852140188761743,0.713349887877464,Bad,0
18.0,4.0,7.580699752224563,7.783640596221253,5.472270673671475,0.9739272591677457,0.2029408439966902,Qualified,1
57.0,4.6,5.768320995793772,6.620073206530356,4.8283137373023015,0.8713379468528573,0.851752210736584,Good,2
16.0,3.9,7.313220387090301,7.4821189235521155,9.593423529191217,0.9774263763798037,0.16889853646181407,Bad,0
71.0,3.7,6.152732694704104,7.3777589082278725,3.071170165610618,0.8339568656604397,1.2250262135237682,Bad,0
39.0,4.2,7.003065458786462,7.493317248862145,8.353497098745448,0.9345747986113723,0.49025179007568376,Qualified,1
40.0,4.1,9.16858043772795,9.680344001221918,6.925595197110468,0.9471337420003494,0.5117635634939681,Qualified,1
33.0,4.1,6.907755278982137,7.307202314764738,9.472704636443673,0.9453351613139971,0.3994470357826012,Qualified,1
35.0,3.8,7.170119543449628,7.600902459542082,5.7430031878094825,0.9433247672384409,0.4307829160924541,Bad,0
41.0,4.1,5.680172609017068,6.214608098422191,8.352082671352637,0.9140033480887058,0.5344354894051238,Qualified,1
46.0,4.6,5.081404364984463,5.703782474656201,7.930925372483388,0.8908832669483504,0.6223781096717378,Good,2
0.0,4.1,6.398594934535208,6.398594934535208,9.297251743965479,1.0,0.0,Qualified,1
0.0,4.2,7.030857476116121,7.030857476116121,9.491828300264636,1.0,0.0,Qualified,1
48.0,3.9,8.086410275323782,8.74766979009724,10.670605195795803,0.9244073529704981,0.661259514773457,Bad,0
62.0,4.1,8.1886891244442,9.15440473964588,9.378309422545737,0.8945080928070221,0.9657156152016793,Qualified,1
47.0,4.1,5.910796644040527,6.551080335043404,7.123672785204607,0.9022628851644765,0.6402836910028773,Qualified,1
36.0,4.0,8.070906088787819,8.517193191416238,9.946068000071246,0.9476016226709294,0.4462871026284194,Qualified,1
45.0,3.7,7.3777589082278725,7.972810784121404,6.091309882077698,0.925364856635174,0.5950518758935317,Bad,0
20.0,4.1,7.600902459542082,7.824046010856292,6.942156705699469,0.9714797751694474,0.2231435513142097,Qualified,1
48.0,4.1,6.424869023905388,7.0825485693553,10.522099746707825,0.907140835109052,0.6576795454499118,Qualified,1
29.0,4.1,7.313220387090301,7.650168700845001,8.757154527656606,0.9559554400784023,0.33694831375469914,Qualified,1
60.0,3.3,5.298317366548036,6.214608098422191,3.071170165610618,0.8525585656629274,0.9162907318741551,Bad,0
26.0,4.1,6.415096959171596,6.716594773520978,9.485393028027822,0.9551115074653624,0.30149781434938205,Qualified,1
33.0,4.1,6.907755278982137,7.313220387090301,7.4067107301776405,0.9445572420019074,0.4054651081081646,Qualified,1
10.0,4.4,9.104979856318357,9.209940291954844,9.79784922051313,0.9886035704565671,0.10496043563648705,Qualified,1
55.0,4.3,6.118097198041348,6.907755278982137,6.415096959171596,0.8856852842857014,0.7896580809407885,Qualified,1
59.0,4.1,7.80994708647679,8.699681400989514,9.090091799380007,0.8977279427254056,0.8897343145127232,Qualified,1
31.0,3.7,7.908387159290043,8.28045768658256,9.503532237601561,0.9550664297342633,0.3720705272925171,Bad,0
28.0,4.8,7.272398392570047,7.600902459542082,10.893103092828472,0.9567809126981184,0.3285040669720356,Good,2
20.0,4.5,7.937374696163295,8.160518247477505,6.304448802421981,0.9726557132099808,0.2231435513142097,Good,2
62.0,4.0,7.644440761556566,8.621733370690162,8.574140471857987,0.8866477810070152,0.9772926091335963,Qualified,1
48.0,4.1,7.783224016336037,8.431853144249223,6.09807428216624,0.9230739533983024,0.6486291279131855,Qualified,1
38.0,3.9,5.733341276897746,6.214608098422191,8.430545384690566,0.9225587818407032,0.48126682152444555,Bad,0
41.0,4.1,7.8632667240095735,8.38958706681109,9.612332790605375,0.9372650478968599,0.5263203428015171,Qualified,1
52.0,4.2,6.173786103901937,6.90875477931522,7.352441100243583,0.8936177793408189,0.7349686754132838,Qualified,1
18.0,4.1,5.5053315359323625,5.703782474656201,7.415175109613295,0.9652071341069506,0.19845093872383845,Qualified,1
78.0,3.5,5.19295685089021,6.684611727667927,4.890349128221754,0.7768524280021103,1.4916548767777167,Bad,0
31.0,4.3,8.180320874773685,8.55468163582723,10.262210398092162,0.9562390773859178,0.3743607610535449,Qualified,1
48.0,3.9,6.551080335043404,7.204892510204673,9.041566627727496,0.9092544164628078,0.6538121751612689,Bad,0
48.0,4.2,7.644919344958857,8.294299608857235,9.323669057283185,0.9217076432583983,0.6493802638983786,Qualified,1
42.0,3.8,7.757906208351747,8.294299608857235,7.020190708311925,0.9353298740338859,0.5363934005054887,Bad,0
51.0,4.5,6.665683717782408,7.3777589082278725,3.071170165610618,0.9034835375751654,0.7120751904454643,Good,2
45.0,3.8,8.612503371220562,9.210340371976184,8.378850241794492,0.9350906723735608,0.5978370007556215,Bad,0
55.0,4.1,6.802394763324311,7.596392304064196,5.225746673713202,0.8954770226499383,0.7939975407398849,Qualified,1
0.0,4.2,7.4360278163518485,7.4360278163518485,9.567385247481795,1.0,0.0,Qualified,1
47.0,4.1,6.214608098422191,6.846943139585379,8.01862546504575,0.9076471020319472,0.6323350411631878,Qualified,1
43.0,4.2,7.90100705199242,8.45553053102413,7.167809184316444,0.9344188425555189,0.5545234790317108,Qualified,1
52.0,4.5,7.278628942320682,8.006367567650246,3.071170165610618,0.9091050193261181,0.7277386253295637,Good,2
0.0,4.0,4.382026634673881,4.382026634673881,4.584967478670572,1.0,0.0,Qualified,1
51.0,4.4,8.852378886511985,9.567385247481795,7.4798641311650265,0.925266272604837,0.7150063609698094,Qualified,1
32.0,4.0,7.900636613018005,8.28045768658256,9.61813609542263,0.9541304251599513,0.3798210735645551,Qualified,1
47.0,4.0,8.070906088787819,8.699514748210191,8.084254106307318,0.9277421008393945,0.6286086594223725,Qualified,1
39.0,3.9,7.090076835776092,7.576097340623111,7.949091499830517,0.9358481705031729,0.4860205048470192,Bad,0
49.0,4.0,7.254884810077338,7.937374696163295,7.312553498102598,0.9140156648500097,0.682489886085957,Qualified,1
49.0,3.8,6.907755278982137,7.576097340623111,5.723585101952381,0.9117828043130707,0.6683420616409741,Bad,0
40.0,4.2,8.699514748210191,9.210340371976184,7.083387847625295,0.9445378125959107,0.5108256237659923,Qualified,1
23.0,4.3,9.207436158828793,9.472704636443673,8.306472160100585,0.9719965429309037,0.2652684776148799,Qualified,1
0.0,4.2,6.54965074223381,6.551080335043404,8.058643712215618,0.9997817775486667,0.0014295928095942045,Qualified,1
31.0,4.3,7.696212639346407,8.068089626278244,9.174816815907135,0.9539076777579897,0.371876986931837,Qualified,1
60.0,4.2,5.771441123130016,6.684611727667927,8.255048902752295,0.8633921248173242,0.9131706045379113,Qualified,1
40.0,4.4,5.700443573390686,6.214608098422191,5.673323267171493,0.9172651731390681,0.5141645250315054,Qualified,1
20.0,3.8,7.090076835776092,7.313220387090301,7.699389406256737,0.9694876484635804,0.2231435513142097,Bad,0
47.0,4.1,7.24422751560335,7.886457270977689,9.143131622282732,0.9185654935660709,0.6422297553743395,Qualified,1
79.0,3.9,6.396929655216146,7.937374696163295,6.361302477572996,0.8059251200914381,1.5404450409471488,Bad,0
0.0,4.3,7.313220387090301,7.313220387090301,9.14120463314132,1.0,0.0,Qualified,1
76.0,4.4,9.575052927597383,10.889878985510414,8.252706676567644,0.8792616465561758,1.3148260579130309,Qualified,1
11.0,3.6,7.438383530044307,7.550135342488429,9.346356175893625,0.9851987007682845,0.11175181244412169,Bad,0
35.0,3.8,6.476972362889683,6.907755278982137,3.912023005428146,0.9376377855476186,0.4307829160924541,Bad,0
49.0,4.0,8.086410275323782,8.760296220470051,8.512984346642183,0.9230749819199481,0.6738859451462691,Qualified,1
60.0,4.1,5.298317366548036,6.214608098422191,7.599401333415815,0.8525585656629274,0.9162907318741551,Qualified,1
42.0,4.3,7.003065458786462,7.549609165154532,7.502186486602925,0.9276063575726992,0.5465437063680705,Qualified,1
55.0,4.0,6.499787040655854,7.307202314764738,7.695757990554761,0.8895041851410844,0.8074152741088838,Qualified,1
26.0,3.9,5.564520407322694,5.860786223465865,9.482502632769927,0.9494494757449163,0.2962658161431717,Bad,0
24.0,4.4,8.779557455883728,9.04793908261736,8.676928249537397,0.9703378167908713,0.26838162673363186,Qualified,1
41.0,3.7,7.3031700512368,7.824046010856292,6.97354301952014,0.9334262657841291,0.5208759596194916,Bad,0
36.0,3.6,6.907755278982137,7.353081920515432,8.493310250952906,0.9394367360044209,0.4453266415332955,Bad,0
49.0,3.7,8.101677747454572,8.77971129020447,9.325274910068282,0.9227726834814739,0.6780335427498976,Bad,0
74.0,4.0,5.560681631015528,6.907755278982137,3.784189633918261,0.8049911159902726,1.3470736479666092,Qualified,1
58.0,4.2,8.086410275323782,8.961366060627451,8.447843113281444,0.902363570533307,0.8749557853036691,Qualified,1
29.0,3.8,8.361941906144946,8.698847859222488,7.655864017616056,0.9612700488007322,0.336905953077542,Bad,0
37.0,4.2,5.247024072160486,5.703782474656201,7.914983005848394,0.9199200873235885,0.45675840249571475,Qualified,1
38.0,3.9,7.27931883541462,7.762170607138205,9.10719961305667,0.9377942335769395,0.48285177172358473,Bad,0
60.0,4.0,5.298317366548036,6.214608098422191,9.23356849809539,0.8525585656629274,0.9162907318741551,Qualified,1
64.0,4.1,6.163314804034641,7.170119543449628,6.311734809152915,0.8595832700816308,1.0068047394149868,Qualified,1
44.0,4.8,5.634789603169249,6.214608098422191,3.367295829986474,0.906700714498771,0.5798184952529422,Good,2
58.0,4.2,7.600902459542082,8.471358655072438,7.21081845347222,0.8972471558609848,0.8704561955303554,Qualified,1
35.0,4.1,6.684611727667927,7.115582126184454,7.668093709082406,0.9394328684745821,0.43097039851652674,Qualified,1
53.0,4.0,6.856461984594587,7.600902459542082,7.426549072397305,0.9020589359079416,0.7444404749474955,Qualified,1
29.0,3.9,8.204852239138463,8.548110294050959,9.460164801871723,0.9598439838625636,0.3432580549124964,Bad,0
15.0,4.1,7.438383530044307,7.600902459542082,9.090880931938855,0.9786184692721914,0.16251892949777513,Qualified,1
12.0,4.3,7.52294091807237,7.647786045440933,8.94663520890585,0.9836756511457344,0.12484512736856246,Qualified,1
37.0,4.1,9.433483923290392,9.894749486592843,5.777652323222656,0.9533827951958304,0.46126556330245094,Qualified,1
43.0,4.2,7.003065458786462,7.560601162768557,9.187378760338836,0.9262577549087465,0.5575357039820954,Qualified,1
49.0,3.9,9.011889433252344,9.680406499268875,9.825417897114205,0.9309412196618995,0.6685170660165305,Bad,0
77.0,3.7,6.214608098422191,7.696212639346407,3.9889840465642745,0.8074891364942797,1.4816045409242156,Bad,0
53.0,4.1,8.85366542803745,9.615805480084347,7.455298485683291,0.92074090375212,0.762140052046897,Qualified,1
11.0,4.0,7.375255778009754,7.495541943884256,7.964850887447313,0.9839523056804923,0.12028616587450269,Qualified,1
46.0,3.8,6.956545443151569,7.576097340623111,5.5254529391317835,0.9182228171555428,0.6195518974715419,Bad,0
61.0,4.2,7.075808863978387,8.005033344637111,8.552367266423891,0.8839199737648503,0.929224480658724,Qualified,1
50.0,4.6,6.214608098422191,6.907755278982137,4.382026634673881,0.8996566681120063,0.6931471805599454,Good,2
27.0,4.1,9.082507000466299,9.392328539868899,8.332789468417959,0.9670133409316488,0.30982153940260027,Qualified,1
49.0,3.3,7.333023014386481,8.006367567650246,3.4011973816621555,0.9158988707957382,0.6733445532637647,Bad,0
29.0,4.2,7.090076835776092,7.43307534889858,8.429672593886743,0.9538551007459768,0.3429985131224882,Qualified,1
41.0,4.3,6.959398512133975,7.490529402060711,7.247792581767846,0.9290930104645718,0.531130889926736,Qualified,1
28.0,4.3,8.779557455883728,9.104535313079205,7.941295570906532,0.9643059369841064,0.3249778571954778,Qualified,1
0.0,4.3,5.480638923341991,5.480638923341991,3.071170165610618,1.0,0.0,Qualified,1
56.0,4.7,6.551080335043404,7.3777589082278725,7.455876687491824,0.8879499068121439,0.8266785731844681,Good,2
39.0,4.4,7.8632667240095735,8.364275084991524,7.6577552711348655,0.9401014007919303,0.5010083609819507,Qualified,1
46.0,3.9,7.344719054149673,7.969357742016346,6.139884552226255,0.9216199462883402,0.624638687866673,Bad,0
62.0,4.7,6.214608098422191,7.170119543449628,4.007333185232471,0.866737027292612,0.9555114450274367,Good,2
20.0,4.1,6.236369590203704,6.46302945692067,8.88599431515281,0.9649297797220688,0.22665986671696547,Qualified,1
50.0,3.8,7.549609165154532,8.240385115516334,8.254008590564844,0.9161718850905285,0.6907759503618021,Bad,0
43.0,4.4,7.8632667240095735,8.4252971767117,6.472346294500901,0.9332925069687001,0.5620304527021265,Qualified,1
66.0,4.3,7.090076835776092,8.160803920954665,7.497207223203318,0.8687963715891709,1.0707270851785733,Qualified,1
62.0,3.4,6.907755278982137,7.8636512654486515,5.53338948872752,0.8784412031766293,0.9558959864665146,Bad,0
39.0,4.2,7.600902459542082,8.101980731853192,6.660575149839686,0.9381536084946357,0.5010782723111102,Qualified,1
70.0,3.7,5.351858133476067,6.551080335043404,4.31748811353631,0.8169428338174406,1.1992222015673377,Bad,0
38.0,4.3,9.581903928408666,10.067305637765523,7.614312146452,0.951784347587902,0.4854017093568572,Qualified,1
41.0,4.3,6.85751406254539,7.3777589082278725,8.684739462628038,0.9294847050230536,0.5202448456824822,Qualified,1
28.0,4.4,8.881836305004146,9.209940291954844,7.583247524303362,0.964375014761246,0.32810398695069765,Qualified,1
4.0,4.1,7.799753318287247,7.842278779117352,3.258096538021482,0.9945774102110035,0.04252546083010511,Qualified,1
13.0,4.0,8.961879012677683,9.104535313079205,8.058643712215618,0.9843312925376225,0.14265630040152288,Qualified,1
20.0,4.4,7.3777589082278725,7.600902459542082,7.351799869057777,0.9706424924537641,0.2231435513142097,Qualified,1
47.0,3.8,7.9724660159745655,8.612685172875459,9.100413892597578,0.9256655567862644,0.6402191569008933,Bad,0
19.0,4.3,9.190137664658664,9.405166749908611,9.491903763419787,0.9771371320713653,0.21502908524994702,Qualified,1
34.0,3.8,8.101677747454572,8.516392871245468,7.2399325913204695,0.9513038994254093,0.4147151237908968,Bad,0
55.0,2.3,6.507277712385012,7.313220387090301,3.071170165610618,0.8897964737767258,0.8059426747052898,Bad,0
22.0,4.5,8.681181041521688,8.923591197573002,8.887652690325586,0.9728349102189662,0.24241015605131366,Good,2
49.0,4.0,9.126958763037132,9.798182590890704,9.681655640646714,0.9314950684346703,0.6712238278535718,Qualified,1
68.0,3.7,5.863631175598097,7.003065458786462,7.293697720601438,0.8372949260728725,1.1394342831883648,Bad,0
53.0,4.0,6.802394763324311,7.550135342488429,8.20631072579402,0.9009632880411821,0.7477405791641178,Qualified,1
27.0,4.4,7.2078598714324755,7.523481312573497,6.459904454377535,0.9580484847335842,0.31562144114102164,Qualified,1
38.0,4.1,8.738254576526122,9.210340371976184,8.175547596021026,0.9487439360127828,0.47208579545006124,Qualified,1
31.0,4.4,7.916807490937603,8.293049139768444,9.319105086767571,0.954631687032142,0.3762416488308409,Qualified,1
52.0,3.1,6.582025138892826,7.313220387090301,7.803843303538772,0.9000173371654132,0.7311952481974755,Bad,0
12.0,4.3,7.973844375944687,8.100464891029363,7.7406644019172415,0.9843687347839877,0.1266205150846762,Qualified,1
39.0,4.4,7.4127640174265625,7.899524472032198,8.704170559746386,0.9383810435262298,0.4867604546056352,Qualified,1
39.0,4.4,7.24422751560335,7.736743682453495,6.135564891081739,0.9363406379912592,0.49251616685014543,Qualified,1
33.0,4.1,7.640123172695364,8.039157390473237,5.645446897643238,0.9503636763909179,0.3990342177778734,Qualified,1
7.0,4.1,6.907755278982137,6.98100574072173,9.135185698375423,0.9895071764069313,0.07325046173959304,Qualified,1
55.0,4.0,8.064636475774222,8.85366542803745,6.612041034833092,0.9108810967981056,0.7890289522632283,Qualified,1
58.0,3.6,6.956545443151569,7.824046010856292,5.796057750765372,0.8891237901079546,0.867500567704723,Bad,0
51.0,3.9,8.1886891244442,8.89439598980643,6.849066282633458,0.9206571344281257,0.7057068653622292,Bad,0
17.0,3.9,8.476371196895983,8.664923303440572,8.246958032568177,0.9782396104452856,0.18855210654458965,Bad,0
50.0,3.8,7.438383530044307,8.131236549696116,8.985820874482043,0.9147911863813994,0.6928530196518086,Bad,0
55.0,4.1,6.499787040655854,7.307202314764738,6.8308742346461795,0.8895041851410844,0.8074152741088838,Qualified,1
41.0,4.1,6.855408798609928,7.390798521735676,8.382747094863314,0.9275599623570829,0.5353897231257481,Qualified,1
15.0,4.1,6.7464121285733745,6.90875477931522,8.938531648680692,0.9765018942012678,0.16234265074184595,Qualified,1
6.0,3.8,6.398594934535208,6.46302945692067,7.860956364876389,0.9900302910864092,0.06443452238546232,Bad,0
17.0,4.3,8.21932609390609,8.410943391573527,5.877735781779639,0.9772180968594548,0.1916172976674364,Qualified,1
73.0,4.5,6.684611727667927,8.006367567650246,4.1588830833596715,0.8349119211909684,1.3217558399823188,Good,2
0.0,4.2,6.8885724595653635,6.8885724595653635,8.464003362902119,1.0,0.0,Qualified,1
61.0,3.9,5.863631175598097,6.802394763324311,5.6937321388027,0.8619951325395524,0.9387635877262142,Bad,0
54.0,3.5,5.438079308923196,6.214608098422191,5.225746673713202,0.8750478264757924,0.7765287894989958,Bad,0
16.0,4.3,8.116715624819111,8.293049139768444,7.578145472419466,0.9787371915953393,0.17633351494933258,Qualified,1
52.0,3.9,8.612503371220562,9.350189267092581,6.866933284461882,0.9211047097764898,0.7376858958720192,Bad,0
40.0,3.9,5.703782474656201,6.214608098422191,6.923628628138427,0.9178024397233218,0.5108256237659905,Bad,0
37.0,4.0,7.718685495198466,8.174984532943087,8.287528423111763,0.9441834983410852,0.4562990377446212,Qualified,1
56.0,4.7,6.551080335043404,7.3777589082278725,7.741099090035366,0.8879499068121439,0.8266785731844681,Good,2
18.0,4.1,7.119635638017636,7.313220387090301,5.318119993844216,0.9735294796510724,0.19358474907266565,Qualified,1
55.0,3.8,7.2078598714324755,8.006367567650246,6.091309882077698,0.900265920909734,0.7985076962177704,Bad,0
41.0,4.1,8.824824939175638,9.350189267092581,9.240772579096385,0.9438124392020673,0.5253643279169431,Qualified,1
14.0,4.1,7.438383530044307,7.588829878307813,8.458928283284262,0.9801752904365999,0.15044634826350567,Qualified,1
37.0,3.9,6.975413927455952,7.438383530044307,5.749392985908253,0.9377593800160506,0.4629696025883554,Bad,0
46.0,3.8,7.2078598714324755,7.822444729489319,5.117993812416755,0.9214331479083565,0.6145848580568432,Bad,0
57.0,4.1,7.313220387090301,8.160803920954665,5.717027701406222,0.8961397011772326,0.8475835338643636,Qualified,1
55.0,4.3,7.646353722445999,8.434028950155469,6.333279628139691,0.9066074787785795,0.7876752277094692,Qualified,1
63.0,3.9,8.258422462458876,9.239510749275963,8.999125391527247,0.8938159916212048,0.9810882868170872,Bad,0
77.0,2.8,6.214608098422191,7.696212639346407,4.700480365792417,0.8074891364942797,1.4816045409242156,Bad,0
24.0,4.0,7.498315870766981,7.7752758464868625,9.64101828255575,0.9643794019417302,0.2769599757198815,Qualified,1
26.0,4.5,8.783549477153265,9.084890521258767,8.544419177669829,0.9668305255412424,0.3013410441055022,Good,2
80.0,4.6,8.517193191416238,10.126631103850338,4.8283137373023015,0.8410687724348761,1.6094379124340996,Good,2
50.0,4.1,7.0817085861055755,7.783640596221253,6.428105272684596,0.9098195758863216,0.7019320101156774,Qualified,1
38.0,4.1,7.85979918056211,8.343077871169383,4.1588830833596715,0.9420742922372441,0.483278690607273,Qualified,1
44.0,3.4,6.802394763324311,7.3777589082278725,3.071170165610618,0.9220136965628004,0.5753641449035616,Bad,0
67.0,4.6,6.906754778648554,8.006367567650246,3.071170165610618,0.8626577184084476,1.099612789001692,Good,2
22.0,4.2,6.90681483690508,7.1569563646156364,8.892199092039693,0.9650491752405717,0.2501415277105563,Qualified,1
45.0,3.9,7.003065458786462,7.596392304064196,8.684739462628038,0.9218936013928224,0.5933268452777343,Bad,0
40.0,4.2,8.699514748210191,9.210340371976184,5.14166355650266,0.9445378125959107,0.5108256237659923,Qualified,1
25.0,4.2,9.092344813738475,9.380167531188448,8.028129059431759,0.9693158233589132,0.28782271744997345,Qualified,1
52.0,4.1,6.16541785423142,6.907755278982137,6.92951677076365,0.8925356509068312,0.7423374247507164,Qualified,1
75.0,4.8,8.516392871245468,9.905984432734716,8.285261134068948,0.8597220123931058,1.3895915614892473,Good,2
44.0,4.4,9.546812608597396,10.120653272163802,9.099297073182859,0.9433000372471294,0.573840663566406,Qualified,1
48.0,4.3,9.047821442478408,9.71057005652877,4.584967478670572,0.9317497726506003,0.6627486140503613,Qualified,1
3.0,4.3,6.856461984594587,6.883462586413092,8.88516409509682,0.9960774680650113,0.027000601818505388,Qualified,1
21.0,4.0,5.981414211254481,6.214608098422191,5.802118375377063,0.9624764935335318,0.23319388716771083,Qualified,1
0.0,4.3,6.455198563340122,6.455198563340122,8.427487278331744,1.0,0.0,Qualified,1
48.0,4.0,6.576469569048224,7.237778191923443,8.490438454107418,0.9086309907074569,0.661308622875219,Qualified,1
53.0,4.4,10.236417809461043,10.889878985510414,8.575273402492762,0.9399937155482777,0.6534611760493707,Qualified,1
3.0,4.1,6.476972362889683,6.508769136971682,8.960210955576986,0.9951147792442991,0.031796774081999324,Qualified,1
52.0,3.6,5.267858159063328,5.991464547107982,3.6375861597263857,0.8792271267975823,0.7236063880446535,Bad,0
48.0,2.0,7.170119543449628,7.822444729489319,3.071170165610618,0.9166085273085366,0.6523251860396906,Bad,0
28.0,4.0,7.803843303538772,8.128880142125638,8.557759153162898,0.9600145613043974,0.3250368385868656,Qualified,1
58.0,3.7,6.956545443151569,7.824046010856292,6.459904454377535,0.8891237901079546,0.867500567704723,Bad,0
43.0,3.8,7.783224016336037,8.343077871169383,5.986452005284438,0.9328960051100571,0.5598538548333458,Bad,0
49.0,3.9,7.734996194022781,8.410943391573527,5.7899601708972535,0.9196347940912382,0.6759471975507463,Bad,0
77.0,3.1,6.214608098422191,7.696212639346407,8.168486417126681,0.8074891364942797,1.4816045409242156,Bad,0
57.0,3.0,6.063785208687608,6.907755278982137,6.42648845745769,0.8778228185265289,0.843970070294529,Bad,0
50.0,4.0,5.703782474656201,6.39024066706535,5.752572638825633,0.8925770987081778,0.6864581924091491,Qualified,1
73.0,4.4,8.593413217327647,9.903037451255743,6.284134161070802,0.8677552982734574,1.309624233928096,Qualified,1
45.0,4.1,6.327936783729195,6.918695219020472,9.759963542450086,0.9146141842370512,0.5907584352912769,Qualified,1
40.0,3.6,6.493753839851687,7.00397413672268,4.5217885770490405,0.9271527440120251,0.510220296870993,Bad,0
58.0,4.4,6.040254711277414,6.907755278982137,5.429345628954441,0.8744164301326335,0.867500567704723,Qualified,1
33.0,4.2,8.902455592206882,9.296609807128359,9.38915578944085,0.9576023708535932,0.3941542149214765,Qualified,1
28.0,4.3,7.9724660159745655,8.295548516225763,8.87360810154911,0.9610535096480648,0.3230825002511972,Qualified,1
45.0,3.8,7.495541943884256,8.100464891029363,6.5337888379333435,0.9253224407138643,0.6049229471451065,Bad,0
68.0,4.1,7.29641326877392,8.444837529224097,6.952728644624869,0.8640087205377303,1.1484242604501773,Qualified,1
35.0,4.0,9.680344001221918,10.106469212026385,9.324293862052029,0.9578363915364834,0.4261252108044662,Qualified,1
40.0,4.2,8.201385955238608,8.711278615130434,6.331501849893691,0.9414675293468167,0.5098926598918254,Qualified,1
62.0,3.6,5.929589143389895,6.907755278982137,7.5953872788539725,0.8583959483092204,0.9781661355922422,Bad,0
25.0,4.2,7.998671361015776,8.28045768658256,8.227108234348146,0.9659697161397995,0.2817863255667836,Qualified,1
27.0,4.1,7.003065458786462,7.313220387090301,8.389814262086407,0.9575898288459428,0.31015492830383984,Qualified,1
62.0,4.2,7.853993087224244,8.81001204797317,6.416732282512326,0.8914849428646504,0.9560189607489269,Qualified,1
41.0,3.9,7.408530566894626,7.937731775260109,7.679251425953058,0.9333309283623228,0.5292012083654827,Bad,0
53.0,4.0,6.684611727667927,7.438383530044307,4.584967478670572,0.8986645688096309,0.75377180237638,Qualified,1
21.0,4.2,6.641182169740591,6.878326468291325,8.708804795117285,0.9655229655579806,0.23714429855073416,Qualified,1
33.0,4.2,6.907755278982137,7.313886831633462,5.958424693029782,0.9444711735359705,0.40613155265132495,Qualified,1
55.0,4.1,6.376726947898627,7.16703787691222,6.324358962381311,0.8897297680594813,0.790310929013593,Qualified,1
47.0,4.4,9.442245428958966,10.085809109330082,7.735870319952567,0.9361911698511353,0.6435636803711162,Qualified,1
18.0,4.1,6.551080335043404,6.7464121285733745,7.009408932708637,0.9710465667072616,0.1953317935299701,Qualified,1
37.0,4.2,8.242756345714477,8.699681400989514,9.387314322443542,0.9474779553164941,0.45692505527503613,Qualified,1
37.0,4.1,6.46302945692067,6.928537818164665,8.52912176228151,0.9328129002884903,0.4655083612439954,Qualified,1
51.0,3.9,6.887552571664617,7.600902459542082,5.062595033026967,0.9061493169167124,0.7133498878774649,Bad,0
28.0,3.9,8.58783803098557,8.915432254432663,8.184513753033722,0.9632553740415428,0.3275942234470932,Bad,0
9.0,4.2,8.070906088787819,8.160803920954665,7.549609165154532,0.9889841940772509,0.08989783216684621,Qualified,1
30.0,4.2,6.887552571664617,7.241366283322318,9.632531483999934,0.9511399233494688,0.3538137116577005,Qualified,1
58.0,3.7,6.835184586147301,7.696212639346407,3.071170165610618,0.8881231465984771,0.8610280531991057,Bad,0
14.0,3.7,8.219056661060598,8.373553741214627,7.416378479192928,0.981549401254381,0.1544970801540284,Bad,0
53.0,3.4,7.617759576608505,8.3654396361887,6.0473721790462776,0.9106227416493751,0.7476800595801949,Bad,0
50.0,4.2,9.158625936289503,9.851720461714246,4.382026634673881,0.9296473617863756,0.6930945254247423,Qualified,1
38.0,4.0,8.961879012677683,9.433563920090563,8.548885638148727,0.9499992885606745,0.4716849074128806,Qualified,1
60.0,4.1,6.856461984594587,7.777373602657861,7.7458682297922685,0.8815909245058564,0.9209116180632746,Qualified,1
43.0,3.9,7.934155233536322,8.495152060539358,6.3784261836515865,0.933962709201062,0.5609968270030352,Bad,0
41.0,4.0,6.470799503782602,7.00397413672268,8.093156697722637,0.9238754137962076,0.5331746329400779,Qualified,1
43.0,3.9,7.713699753685806,8.268731832117737,9.306104993960561,0.9328757916327564,0.5550320784319309,Bad,0
49.0,4.2,9.071078304642676,9.735068900911164,8.069655306886165,0.9317939499938884,0.6639905962684889,Qualified,1
43.0,4.3,10.327706173643904,10.889878985510414,8.080856419640986,0.9483765785997703,0.5621728118665104,Qualified,1
0.0,4.0,6.716594773520978,6.716594773520978,8.085486772102845,1.0,0.0,Qualified,1
46.0,2.6,5.087596335232384,5.707110264748875,3.2188758248682006,0.8914487541369149,0.6195139295164918,Bad,0
54.0,3.8,6.548219102762372,7.313220387090301,4.976733742420574,0.8953947448817007,0.765001284327929,Bad,0
8.0,4.5,6.535241271013659,6.617402977974478,7.732369222284388,0.9875839952267849,0.08216170696081893,Good,2
45.0,3.5,7.696212639346407,8.294049640102028,5.831882477283517,0.9279197705949266,0.5978370007556206,Bad,0
43.0,3.9,8.832149906002899,9.391911647379434,4.976733742420574,0.9403995946306924,0.5597617413765352,Bad,0
29.0,4.0,7.90100705199242,8.242756345714477,6.590301048196686,0.9585394400381934,0.3417492937220574,Qualified,1
55.0,4.0,6.802394763324311,7.600902459542082,6.725033642166843,0.8949456725082251,0.7985076962177713,Qualified,1
64.0,3.5,6.994849985833071,8.006367567650246,4.060443010546419,0.8736608613993423,1.0115175818171753,Bad,0
51.0,4.0,5.69035945432406,6.396929655216146,7.405495663199472,0.8895454164771158,0.7065702008920862,Qualified,1
76.0,3.4,6.173786103901937,7.600902459542082,6.9726062513017535,0.8122438271986294,1.4271163556401456,Bad,0
39.0,4.2,7.989560449333865,8.48673398393153,8.983314293397749,0.9414175658693916,0.497173534597664,Qualified,1
34.0,3.8,5.817111159963204,6.236369590203704,8.069655306886165,0.9327720360096866,0.41925843024050025,Bad,0
41.0,4.1,5.683579767338681,6.214608098422191,7.284134806195205,0.9145515979972524,0.53102833108351,Qualified,1
54.0,4.2,6.396929655216146,7.170119543449628,6.3818160174060985,0.8921649934079773,0.7731898882334818,Qualified,1
50.0,4.3,6.214608098422191,6.907755278982137,7.270312886079025,0.8996566681120063,0.6931471805599454,Qualified,1
29.0,4.2,6.745236349484362,7.0825485693553,8.339261982923576,0.9523741748372306,0.3373122198709382,Qualified,1
38.0,4.1,5.521460917862246,5.993961427306569,6.542471960506805,0.9211705788943249,0.4725005094443233,Qualified,1
69.0,3.9,5.225746673713202,6.396929655216146,7.175489713624222,0.8169148256073215,1.1711829815029446,Bad,0
22.0,3.3,6.658011045870748,6.907755278982137,3.071170165610618,0.9638458192241882,0.2497442331113886,Bad,0
60.0,4.3,5.634789603169249,6.551080335043404,7.752335163302292,0.8601313546755515,0.9162907318741551,Qualified,1
86.0,3.9,5.375278407684165,7.313220387090301,6.912742820493176,0.7350083989227102,1.937941979406136,Bad,0
31.0,4.3,6.7912214627261855,7.16703787691222,8.764209507142004,0.9475632164025973,0.3758164141860343,Qualified,1
71.0,3.6,7.27931883541462,8.517193191416238,4.1588830833596715,0.8546617027251222,1.237874356001618,Bad,0
53.0,3.8,7.0825485693553,7.844240718141811,7.074963197966044,0.9028979124741923,0.7616921487865111,Bad,0
8.0,3.9,7.495541943884256,7.576097340623111,7.543802867501509,0.989367164502109,0.08055539673885459,Bad,0
28.0,4.6,8.71948076085107,9.045347797304004,8.787372988731876,0.9639740733297111,0.3258670364529337,Good,2
45.0,3.8,7.495541943884256,8.101677747454572,7.52131798019924,0.9251839159165823,0.6061358035703153,Bad,0
44.0,3.9,7.696212639346407,8.267705664762426,6.990256500493881,0.9308764669923163,0.5714930254160189,Bad,0
33.0,4.1,8.212297138229768,8.611775833902186,5.673323267171493,0.953612506482138,0.39947869567241767,Qualified,1
35.0,3.6,6.476972362889683,6.907755278982137,3.071170165610618,0.9376377855476186,0.4307829160924541,Bad,0
4.0,4.4,9.0595174822416,9.104535313079205,9.1834829178063,0.9950554499170391,0.045017830837606354,Qualified,1
31.0,4.3,7.01301578963963,7.3777589082278725,8.299783171949787,0.9505618002532624,0.36474311858824215,Qualified,1
57.0,4.7,7.313220387090301,8.160803920954665,7.860185057472165,0.8961397011772326,0.8475835338643636,Good,2
62.0,4.3,6.633318433280377,7.600902459542082,6.278521424165844,0.8727014283617057,0.9675840262617053,Qualified,1
17.0,3.9,7.8898337513942955,8.070906088787819,5.564520407322694,0.9775648068009277,0.18107233739352324,Bad,0
29.0,3.9,6.835184586147301,7.170888478512505,7.422373700986824,0.953185174560846,0.3357038923652036,Bad,0
50.0,3.7,5.298317366548036,5.991464547107982,8.980423936374544,0.8843108934201204,0.6931471805599454,Bad,0
53.0,3.5,5.634789603169249,6.396929655216146,7.221105098182496,0.8808584597416298,0.762140052046897,Bad,0
45.0,4.0,6.309918278226516,6.907755278982137,7.1808311990445555,0.9134542298314146,0.5978370007556206,Qualified,1
57.0,4.1,4.454347296253507,5.298317366548036,5.3612921657094255,0.8407097929574587,0.843970070294529,Qualified,1
62.0,3.9,6.214608098422191,7.170119543449628,4.189654742026425,0.866737027292612,0.9555114450274367,Bad,0
25.0,4.4,8.676928249537397,8.958925938694943,7.914983005848394,0.9685232704135263,0.28199768915754575,Qualified,1
45.0,4.3,7.139660335964919,7.7406644019172415,4.02535169073515,0.9223575607019646,0.6010040659523224,Qualified,1
27.0,4.5,7.003065458786462,7.313886831633462,6.97166860472579,0.957502572845035,0.3108213728470002,Good,2
26.0,4.0,7.564757012905729,7.85979918056211,7.774015077250727,0.9624618694602219,0.2950421676563808,Qualified,1
48.0,3.9,8.086410275323782,8.748304912379623,7.851661177889265,0.9243402414884737,0.6618946370558412,Bad,0
33.0,4.2,7.090076835776092,7.493317248862145,8.694167141883597,0.9461866621025173,0.40324041308605363,Qualified,1
54.0,4.1,7.284134806195205,8.068089626278244,7.482681828154651,0.9028326584858883,0.7839548200830393,Qualified,1
30.0,3.7,8.116715624819111,8.476371196895983,8.343077871169383,0.957569629299791,0.35965557207687127,Bad,0
46.0,4.1,8.496990484098719,9.104979856318357,5.697093486505405,0.9332245230836258,0.6079893722196381,Qualified,1
37.0,4.2,7.090076835776092,7.549609165154532,8.258163361537619,0.9391316398868134,0.45953232937844035,Qualified,1
43.0,4.3,8.098946748943339,8.66561319653451,5.1298987149230735,0.9346074611525717,0.5666664475911709,Qualified,1
78.0,3.6,5.19295685089021,6.684611727667927,4.624972813284271,0.7768524280021103,1.4916548767777167,Bad,0
50.0,4.1,5.0106352940962555,5.707110264748875,8.312626025674962,0.8779636386290731,0.6964749706526199,Qualified,1
24.0,4.5,8.610865667278873,8.881975184248867,7.25063551189868,0.9694764383657842,0.27110951696999486,Good,2
3.0,4.2,5.940171252720432,5.966146739123692,8.226840890408578,0.995646187139025,0.02597548640326064,Qualified,1
33.0,4.3,9.071078304642676,9.47654341275084,8.681350777582521,0.9572138183250863,0.4054651081081637,Qualified,1
49.0,4.0,8.020490698403439,8.699514748210191,6.656726524178391,0.921946905148192,0.6790240498067526,Qualified,1
27.0,4.2,7.465082736399547,7.783640596221253,9.55824698622306,0.9590734109721926,0.3185578598217056,Qualified,1
40.0,4.2,8.064950891749143,8.574707097616844,8.842171048611716,0.9405511815080685,0.509756205867701,Qualified,1
80.0,4.5,8.517193191416238,10.126631103850338,5.662960480135946,0.8410687724348761,1.6094379124340996,Good,2
51.0,3.8,5.968707559985366,6.684611727667927,5.662960480135946,0.892902655105696,0.7159041676825613,Bad,0
33.0,4.4,7.600902459542082,8.006367567650246,5.963579343618446,0.949357170441881,0.4054651081081637,Qualified,1
35.0,4.1,7.393263094763838,7.822444729489319,6.71901315438526,0.9451345903273004,0.4291816347254809,Qualified,1
59.0,4.2,5.220355825078325,6.111467339502679,8.511577452630602,0.8541902517150869,0.8911115144243533,Qualified,1
55.0,4.3,6.100318952020064,6.907755278982137,5.438079308923196,0.883111619570714,0.8074363269620726,Qualified,1
59.0,4.1,6.551080335043404,7.43307534889858,8.16763571524637,0.8813418440611035,0.8819950138551755,Qualified,1
59.0,4.2,7.379008127628304,8.266421472984554,5.056245805348308,0.8926484273447222,0.8874133453562498,Qualified,1
11.0,4.1,5.44673737166631,5.564520407322694,6.19644412779452,0.9788332098663192,0.11778303565638382,Qualified,1
38.0,3.9,5.91350300563827,6.396929655216146,4.418840607796598,0.924428331147321,0.4834266495778765,Bad,0
59.0,3.9,6.697034247666484,7.576097340623111,6.566672429803241,0.8839688756052432,0.8790630929566268,Bad,0
60.0,3.8,7.090076835776092,8.003363058629947,4.897839799950911,0.8858871931507508,0.9132862228538556,Bad,0
24.0,4.6,8.71948076085107,8.996404301412886,7.920083199053234,0.969218419794859,0.2769235405618158,Good,2
31.0,3.6,7.495541943884256,7.8632667240095735,6.648984550024776,0.9532351129585224,0.3677247801253172,Bad,0
37.0,4.1,9.852194258148577,10.308952660644293,7.838737559599282,0.9556930352159393,0.45675840249571564,Qualified,1
15.0,4.2,7.600902459542082,7.766840537085513,8.962135390066601,0.9786350605820859,0.16593807754343093,Qualified,1
48.0,4.3,8.699514748210191,9.34975442775886,6.282266746896006,0.9304538226567591,0.6502396795486689,Qualified,1
46.0,3.9,7.8632667240095735,8.472405008626103,6.80128303447162,0.928103261825144,0.6091382846165292,Bad,0
50.0,3.9,7.090076835776092,7.783640596221253,7.0925737159746784,0.9108946832948752,0.6935637604451612,Bad,0
12.0,4.0,5.393627546352361,5.521460917862246,7.011213987350367,0.9768479079338701,0.12783337150988494,Qualified,1
33.0,4.4,6.684611727667927,7.090076835776092,3.071170165610618,0.9428123111357253,0.4054651081081646,Qualified,1
44.0,4.2,8.732304571033183,9.305650551780507,9.252441547994819,0.9383873295524059,0.5733459807473249,Qualified,1
38.0,4.5,8.823353485113792,9.305286849285137,8.068716192714781,0.9482086504180826,0.48193336417134525,Good,2
40.0,4.1,7.5927896394315315,8.101980731853192,8.678291111758565,0.93715227062689,0.5091910924216609,Qualified,1
50.0,4.1,5.298317366548036,5.993961427306569,7.22983877815125,0.8839425196182609,0.695644060758533,Qualified,1
18.0,4.2,7.074116816197362,7.273092595999522,7.331714969726466,0.9726422045126163,0.19897577980215964,Qualified,1
28.0,4.2,7.696212639346407,8.021584533455107,7.8961806086154915,0.9594379523457377,0.3253718941086996,Qualified,1
17.0,4.0,8.006367567650246,8.18757739559151,5.187385805840755,0.9778677111450775,0.18120982794126483,Qualified,1
49.0,4.3,5.537334267018537,6.2166061010848646,7.887959336599945,0.8907326887016715,0.679271834066328,Qualified,1
38.0,3.6,6.214608098422191,6.684611727667927,5.3612921657094255,0.9296887166534492,0.4700036292457357,Bad,0
39.0,3.5,7.047517221357296,7.549609165154532,3.2188758248682006,0.9334943130414409,0.502091943797236,Bad,0
43.0,4.3,6.126869184114185,6.684611727667927,7.533158807455563,0.9165632102093202,0.5577425435537418,Qualified,1
43.0,3.6,5.438079308923196,5.991464547107982,6.113682179832232,0.9076377346750888,0.5533852381847861,Bad,0
72.0,2.9,5.298317366548036,6.551080335043404,5.075173815233827,0.8087700189243568,1.252762968495368,Bad,0
55.0,4.2,6.802394763324311,7.600902459542082,3.6888794541139363,0.8949456725082251,0.7985076962177713,Qualified,1
32.0,4.4,7.313220387090301,7.696212639346407,8.784468454090355,0.9502362694219126,0.38299225225610556,Qualified,1
57.0,4.1,6.056784013228625,6.907755278982137,5.407171771460119,0.876809291675008,0.850971265753512,Qualified,1
29.0,3.8,7.749753406274437,8.098946748943339,5.278114659230518,0.9568841043788242,0.3491933426689018,Bad,0
50.0,3.5,7.355001921105257,8.038834757787749,7.7336835707759,0.9149338358995354,0.683832836682492,Bad,0
30.0,4.1,8.15730451754639,8.515391569469609,7.028201432058005,0.9579482576929198,0.3580870519232189,Qualified,1
59.0,3.2,6.212606095751519,7.0909098220799835,4.736198448394496,0.8761366667513435,0.8783037263284648,Bad,0
0.0,4.4,7.899524472032198,7.899524472032198,7.83161727635261,1.0,0.0,Qualified,1
59.0,3.6,6.856461984594587,7.7406644019172415,6.311734809152915,0.8857717669424279,0.8842024173226548,Bad,0
80.0,3.1,5.298317366548036,6.907755278982137,3.071170165610618,0.7670099985546603,1.6094379124341005,Bad,0
59.0,4.0,5.940171252720432,6.824373670043086,6.994849985833071,0.8704346420530821,0.8842024173226548,Qualified,1
25.0,4.1,7.732369222284388,8.021584533455107,8.323365694436081,0.9639453639160059,0.28921531117071897,Qualified,1
28.0,3.6,7.705262474866325,8.033009498596668,6.150602768446279,0.9591999705978689,0.3277470237303426,Bad,0
26.0,4.0,7.24422751560335,7.544861068658458,8.99118884193151,0.96015386495267,0.30063355305510786,Qualified,1
22.0,4.3,7.9599745280805365,8.213652703029998,8.851949671253948,0.9691150595086787,0.2536781749494619,Qualified,1
