discounted_price,actual_price,discount_percentage,price_ratio,price_diff,discount_amount,is_heavy_discount,is_light_discount,price_volatility,price_category,discount_category,value_score,rating,rating_label
399.0,1099.0,64.0,0.3630573248407313,700.0,700.0,1,0,0.6369426751591777,5,4,0.03300521134915739,4.2,1
199.0,349.0,43.0,0.5702005730657392,150.0,150.0,0,0,0.42979942693397427,3,3,0.16291444944735406,4.0,1
199.0,1899.0,90.0,0.10479199578725093,1700.0,1700.0,1,0,0.8952080042126964,5,4,0.005515368199328996,3.9,0
329.0,699.0,53.0,0.4706723891272574,370.0,370.0,1,0,0.5293276108725995,4,4,0.06723891273246535,4.2,1
154.0,399.0,61.0,0.38596491228060503,245.0,245.0,1,0,0.6140350877191444,3,4,0.09649122807015126,4.2,1
149.0,1000.0,85.0,0.1489999999999851,851.0,851.0,1,0,0.8509999999999148,4,4,0.014885114885113395,3.9,0
176.63,499.0,65.0,0.3539679358716726,322.37,322.37,1,0,0.6460320641281271,3,4,0.07079358717433452,4.1,1
229.0,299.0,23.0,0.765886287625162,70.0,70.0,0,0,0.23411371237450365,3,2,0.2552954292083873,4.3,1
499.0,999.0,50.0,0.4994994994994495,500.0,500.0,0,0,0.5005005005004504,4,3,0.04994994994994495,4.2,1
199.0,299.0,33.0,0.6655518394646603,100.0,100.0,0,0,0.3344481605350052,3,3,0.22185061315488677,4.0,1
154.0,339.0,55.0,0.45427728613555923,185.0,185.0,1,0,0.5457227138641458,3,4,0.1336109665104586,4.3,1
299.0,799.0,63.0,0.37421777221522223,500.0,500.0,1,0,0.6257822277846525,4,4,0.04677722152690277,4.2,1
219.0,700.0,69.0,0.31285714285709815,481.0,481.0,1,0,0.6871428571427589,4,4,0.044630120236390604,4.4,1
350.0,899.0,61.0,0.3893214682980657,549.0,549.0,1,0,0.6106785317018231,4,4,0.0432579409220073,4.2,1
159.0,399.0,60.0,0.3984962406014039,240.0,240.0,1,0,0.6015037593983455,3,4,0.09962406015035097,4.1,1
349.0,399.0,13.0,0.8746867167917608,50.0,50.0,0,0,0.12531328320798865,3,1,0.2186716791979402,4.4,1
13999.0,24999.0,44.0,0.5599823992959696,11000.0,11000.0,0,0,0.44001760070402646,5,3,0.0022399295971838786,4.2,1
249.0,399.0,38.0,0.6240601503757834,150.0,150.0,0,0,0.3759398496239659,3,3,0.15601503759394586,4.0,1
199.0,499.0,60.0,0.39879759519030084,300.0,300.0,1,0,0.6012024048094988,3,4,0.07975951903806017,4.1,1
13490.0,21990.0,39.0,0.613460663938151,8500.0,8500.0,0,0,0.38653933606184454,5,3,0.0027895987628491245,4.3,1
970.0,1799.0,46.0,0.5391884380210928,829.0,829.0,0,0,0.46081156197885154,5,3,0.02995491322339405,4.5,2
279.0,499.0,44.0,0.5591182364728339,220.0,220.0,0,0,0.4408817635269658,3,3,0.11182364729456677,3.7,0
13490.0,22900.0,41.0,0.5890829694323119,9410.0,9410.0,0,0,0.4109170305676838,5,3,0.002572302386063106,4.3,1
59.0,199.0,70.0,0.2964824120601525,140.0,140.0,1,0,0.703517587939345,2,4,0.14824120603007626,4.0,1
11499.0,19990.0,42.0,0.5752376188094018,8491.0,8491.0,0,0,0.42476238119059323,5,3,0.00287748296137963,4.3,1
199.0,699.0,72.0,0.2846924177395873,500.0,500.0,1,0,0.7153075822602696,4,4,0.040670345391369614,4.2,1
14999.0,19999.0,25.0,0.7499874993749651,5000.0,5000.0,0,0,0.25001250062503,5,2,0.0037499374968748256,4.2,1
299.0,399.0,25.0,0.7493734335837721,100.0,100.0,0,0,0.2506265664159773,3,2,0.18734335839594302,4.0,1
970.0,1999.0,51.0,0.48524262131063106,1029.0,1029.0,1,0,0.5147573786893189,5,4,0.02426213106553155,4.4,1
299.0,999.0,70.0,0.29929929929926935,700.0,700.0,1,0,0.7007007007006305,4,4,0.029929929929926935,4.3,1
199.0,750.0,73.0,0.26533333333329795,551.0,551.0,1,0,0.7346666666665687,4,4,0.03533067021748308,4.5,2
179.0,499.0,64.0,0.3587174348696676,320.0,320.0,1,0,0.641282565130132,3,4,0.07174348697393353,4.0,1
389.0,1099.0,65.0,0.3539581437670287,710.0,710.0,1,0,0.6460418562328802,5,4,0.03217801306972989,4.3,1
599.0,599.0,0.0,0.999999999999833,0.0,0.0,0,1,0.0,4,0,0.16666666666663885,4.3,1
199.0,999.0,80.0,0.19919919919917925,800.0,800.0,1,0,0.8008008008007206,4,4,0.019919919919917924,3.9,0
99.0,666.66,85.0,0.14850148501482788,567.66,567.66,1,0,0.851498514985022,4,4,0.02224208204996973,3.9,0
899.0,1900.0,53.0,0.4731578947368172,1001.0,1001.0,1,0,0.5268421052631301,5,4,0.02488994711924341,4.4,1
199.0,999.0,80.0,0.19919919919917925,800.0,800.0,1,0,0.8008008008007206,4,4,0.019919919919917924,4.0,1
32999.0,45999.0,28.0,0.7173851605469668,13000.0,13000.0,0,0,0.28261483945303095,5,2,0.0015595329577107974,4.2,1
970.0,1999.0,51.0,0.48524262131063106,1029.0,1029.0,1,0,0.5147573786893189,5,4,0.02426213106553155,4.2,1
209.0,695.0,70.0,0.30071942446038835,486.0,486.0,1,0,0.6992805755394677,4,4,0.0432068138592512,4.5,2
19999.0,34999.0,43.0,0.5714163261807463,15000.0,15000.0,0,0,0.4285836738192507,5,3,0.0016326180748021323,4.3,1
399.0,1099.0,64.0,0.3630573248407313,700.0,700.0,1,0,0.6369426751591777,5,4,0.03300521134915739,4.2,1
999.0,1599.0,38.0,0.6247654784239759,600.0,600.0,0,0,0.3752345215759615,5,3,0.03904784240149849,4.3,1
59.0,199.0,70.0,0.2964824120601525,140.0,140.0,1,0,0.703517587939345,2,4,0.14824120603007626,4.0,1
333.0,999.0,67.0,0.33333333333329995,666.0,666.0,1,0,0.6666666666665999,4,4,0.033333333333329995,3.3,0
507.0,1208.0,58.0,0.41970198675493214,701.0,701.0,1,0,0.5802980132449851,5,4,0.03471480452894393,4.1,1
309.0,475.0,35.0,0.6505263157893367,166.0,166.0,0,0,0.3494736842104528,3,3,0.1366651923927178,4.4,1
399.0,999.0,60.0,0.3993993993993594,600.0,600.0,1,0,0.6006006006005404,4,4,0.03993993993993594,3.6,0
199.0,395.0,50.0,0.5037974683543028,196.0,196.0,0,0,0.49620253164544403,3,3,0.12722158291775323,4.2,1
1199.0,2199.0,45.0,0.5452478399272148,1000.0,1000.0,0,0,0.45475216007273966,5,3,0.02478399272396431,4.4,1
179.0,500.0,64.0,0.35799999999992843,321.0,321.0,1,0,0.6419999999998716,3,4,0.07145708582832902,4.2,1
799.0,2100.0,62.0,0.38047619047617237,1301.0,1301.0,1,0,0.6195238095237801,5,4,0.018109290360598402,4.3,1
6999.0,12999.0,46.0,0.5384260327717475,6000.0,6000.0,0,0,0.4615739672282448,5,3,0.004141738713628827,4.2,1
199.0,349.0,43.0,0.5702005730657392,150.0,150.0,0,0,0.42979942693397427,3,3,0.16291444944735406,4.1,1
230.0,499.0,54.0,0.4609218436872824,269.0,269.0,1,0,0.5390781563125172,3,4,0.09218436873745649,3.7,0
649.0,1399.0,54.0,0.4639027877054708,750.0,750.0,1,0,0.5360972122944577,5,4,0.03313591340753363,4.2,1
15999.0,21999.0,27.0,0.7272603300149975,6000.0,6000.0,0,0,0.2727396699849981,5,2,0.003305728772795443,4.2,1
348.0,1499.0,77.0,0.23215476984654887,1151.0,1151.0,1,0,0.7678452301533844,5,4,0.015476984656436592,4.2,1
154.0,349.0,56.0,0.44126074498554696,195.0,195.0,1,0,0.5587392550141665,3,4,0.12607449856729913,4.3,1
179.0,799.0,78.0,0.22403003754690562,620.0,620.0,1,0,0.7759699624529691,4,4,0.028003754693363202,3.7,0
32990.0,47900.0,31.0,0.6887265135699359,14910.0,14910.0,0,0,0.311273486430062,5,3,0.0014378123913278134,4.3,1
139.0,999.0,86.0,0.1391391391391252,860.0,860.0,1,0,0.8608608608607746,4,4,0.01391391391391252,4.0,1
329.0,845.0,61.0,0.3893491124259894,516.0,516.0,1,0,0.6106508875738922,4,4,0.04602235371465596,4.2,1
13999.0,24999.0,44.0,0.5599823992959696,11000.0,11000.0,0,0,0.44001760070402646,5,3,0.0022399295971838786,4.2,1
309.0,1400.0,78.0,0.22071428571426993,1091.0,1091.0,1,0,0.7792857142856586,5,4,0.015754053227285503,4.4,1
263.0,699.0,62.0,0.3762517882689018,436.0,436.0,1,0,0.6237482117309551,4,4,0.05375025546698598,4.1,1
7999.0,14990.0,47.0,0.533622414943292,6991.0,6991.0,0,0,0.46637758505670135,5,3,0.0035596185374110597,4.3,1
1599.0,2999.0,47.0,0.5331777259086184,1400.0,1400.0,0,0,0.4668222740913482,5,3,0.017772590863620614,4.2,1
219.0,700.0,69.0,0.31285714285709815,481.0,481.0,1,0,0.6871428571427589,4,4,0.044630120236390604,4.3,1
349.0,899.0,61.0,0.3882091212457855,550.0,550.0,1,0,0.6117908787541032,4,4,0.04313434680508728,4.5,2
349.0,599.0,42.0,0.5826377295491514,250.0,250.0,0,0,0.4173622704506815,4,3,0.0971062882581919,4.1,1
26999.0,42999.0,37.0,0.6278983232168175,16000.0,16000.0,0,0,0.3721016767831801,5,3,0.0014602286586437615,4.2,1
115.0,499.0,77.0,0.2304609218436412,384.0,384.0,1,0,0.7695390781561584,3,4,0.046092184368728244,4.0,1
399.0,999.0,60.0,0.3993993993993594,600.0,600.0,1,0,0.6006006006005404,4,4,0.03993993993993594,4.1,1
199.0,499.0,60.0,0.39879759519030084,300.0,300.0,1,0,0.6012024048094988,3,4,0.07975951903806017,4.1,1
179.0,399.0,55.0,0.44862155388459934,220.0,220.0,1,0,0.5513784461151501,3,4,0.11215538847114984,4.0,1
10901.0,30990.0,65.0,0.35175863181671396,20089.0,20089.0,1,0,0.6482413681832829,5,4,0.0011350347901542834,4.1,1
209.0,499.0,58.0,0.4188376753506175,290.0,290.0,1,0,0.5811623246491822,3,4,0.0837675350701235,3.9,0
1434.0,3999.0,64.0,0.358589647411844,2565.0,2565.0,1,0,0.641410352588131,5,4,0.0089647411852961,4.0,1
399.0,1099.0,64.0,0.3630573248407313,700.0,700.0,1,0,0.6369426751591777,5,4,0.03300521134915739,4.2,1
139.0,249.0,44.0,0.5582329317266834,110.0,110.0,0,0,0.44176706827291495,3,3,0.22329317269067336,4.0,1
7299.0,19125.0,62.0,0.38164705882352745,11826.0,11826.0,1,0,0.6183529411764674,5,4,0.001995435840340518,3.4,0
299.0,799.0,63.0,0.37421777221522223,500.0,500.0,1,0,0.6257822277846525,4,4,0.04677722152690277,4.4,1
325.0,1299.0,75.0,0.25019245573516163,974.0,974.0,1,0,0.7498075442647614,5,4,0.019245573518089355,4.2,1
29999.0,39999.0,25.0,0.7499937498437442,10000.0,10000.0,0,0,0.2500062501562533,5,2,0.0018749843746093606,4.2,1
27999.0,40990.0,32.0,0.6830690412295665,12991.0,12991.0,0,0,0.31693095877043104,5,3,0.0016663878442330427,4.3,1
30990.0,52900.0,41.0,0.5858223062381841,21910.0,21910.0,0,0,0.41417769376181396,5,3,0.0011073936338409183,4.3,1
199.0,999.0,80.0,0.19919919919917925,800.0,800.0,1,0,0.8008008008007206,4,4,0.019919919919917924,4.5,2
649.0,1999.0,68.0,0.32466233116556653,1350.0,1350.0,1,0,0.6753376688343834,5,4,0.016233116558278325,4.2,1
269.0,800.0,66.0,0.33624999999995797,531.0,531.0,1,0,0.663749999999917,4,4,0.04197877652933307,3.6,0
24999.0,31999.0,22.0,0.7812431638488678,7000.0,7000.0,0,0,0.21875683615112906,5,2,0.002441384887027712,4.2,1
299.0,699.0,57.0,0.4277539341916412,400.0,400.0,1,0,0.5722460658082157,4,4,0.06110770488452017,4.2,1
199.0,999.0,80.0,0.19919919919917925,800.0,800.0,1,0,0.8008008008007206,4,4,0.019919919919917924,4.1,1
18990.0,40990.0,54.0,0.46328372773847165,22000.0,22000.0,1,0,0.5367162722615259,5,4,0.001130208406085413,4.2,1
290.0,349.0,17.0,0.830945558739017,59.0,59.0,0,0,0.16905444126069655,3,1,0.23741301678257629,3.7,0
249.0,799.0,69.0,0.311639549436757,550.0,550.0,1,0,0.6883604505631178,4,4,0.03895494367959462,3.8,0
345.0,999.0,65.0,0.34534534534531075,654.0,654.0,1,0,0.654654654654589,4,4,0.03453453453453108,3.7,0
1099.0,1899.0,42.0,0.5787256450763255,800.0,800.0,0,0,0.4212743549236218,5,3,0.030459244477701344,4.5,2
719.0,1499.0,52.0,0.47965310206801337,780.0,780.0,1,0,0.5203468979319199,5,4,0.03197687347120089,4.1,1
349.0,1499.0,77.0,0.2328218812541539,1150.0,1150.0,1,0,0.7671781187457793,5,4,0.015521458750276928,4.3,1
849.0,1809.0,53.0,0.46932006633496576,960.0,960.0,1,0,0.5306799336649789,5,4,0.025929285432871037,4.3,1
299.0,899.0,67.0,0.33259176863177614,600.0,600.0,1,0,0.6674082313681126,4,4,0.03695464095908624,4.0,1
21999.0,29999.0,27.0,0.7333244441481359,8000.0,8000.0,0,0,0.26667555585186087,5,2,0.0024444148138271196,4.2,1
349.0,999.0,65.0,0.3493493493493144,650.0,650.0,1,0,0.6506506506505855,4,4,0.03493493493493144,4.2,1
399.0,999.0,60.0,0.3993993993993594,600.0,600.0,1,0,0.6006006006005404,4,4,0.03993993993993594,4.3,1
449.0,1299.0,65.0,0.3456505003848849,850.0,850.0,1,0,0.6543494996150382,5,4,0.026588500029606527,4.2,1
299.0,999.0,70.0,0.29929929929926935,700.0,700.0,1,0,0.7007007007006305,4,4,0.029929929929926935,4.3,1
37999.0,65000.0,42.0,0.5845999999999991,27001.0,27001.0,0,0,0.4153999999999993,5,3,0.0008993707789110922,4.3,1
99.0,800.0,88.0,0.12374999999998453,701.0,701.0,1,0,0.8762499999998904,4,4,0.01544943820224526,3.9,0
7390.0,20000.0,63.0,0.36949999999999816,12610.0,12610.0,1,0,0.630499999999997,5,4,0.00184740762961851,4.1,1
273.1,999.0,73.0,0.273373373373346,725.9,725.9,1,0,0.7266266266265539,4,4,0.027337337337334598,4.3,1
15990.0,23990.0,33.0,0.666527719883282,8000.0,8000.0,0,0,0.3334722801167139,5,3,0.0027782406730994203,4.3,1
399.0,999.0,60.0,0.3993993993993594,600.0,600.0,1,0,0.6006006006005404,4,4,0.03993993993993594,4.1,1
399.0,1999.0,80.0,0.19959979989993998,1600.0,1600.0,1,0,0.80040020010001,5,4,0.009979989994996998,4.5,2
210.0,399.0,47.0,0.5263157894735523,189.0,189.0,0,0,0.4736842105261971,3,3,0.13157894736838807,4.1,1
1299.0,1999.0,35.0,0.6498249124561956,700.0,700.0,0,0,0.35017508754375437,5,3,0.03249124562280978,3.6,0
347.0,999.0,65.0,0.34734734734731254,652.0,652.0,1,0,0.6526526526525873,4,4,0.03473473473473126,3.5,0
149.0,999.0,85.0,0.1491491491491342,850.0,850.0,1,0,0.8508508508507656,4,4,0.01491491491491342,4.0,1
228.0,899.0,75.0,0.2536151279198828,671.0,671.0,1,0,0.7463848720800059,4,4,0.028179458657764753,3.8,0
1599.0,1999.0,20.0,0.7998999499749475,400.0,400.0,0,0,0.2001000500250025,5,1,0.039994997498747374,4.4,1
1499.0,3999.0,63.0,0.37484371092772256,2500.0,2500.0,1,0,0.6251562890722524,5,4,0.009371092773193064,3.7,0
8499.0,15999.0,47.0,0.5312207012938276,7500.0,7500.0,0,0,0.4687792987061662,5,3,0.003320129383086422,4.3,1
20990.0,44990.0,53.0,0.46654812180484445,24000.0,24000.0,1,0,0.5334518781951533,5,4,0.0010369810002108077,4.1,1
32999.0,44999.0,27.0,0.7333274072757155,12000.0,12000.0,0,0,0.2666725927242822,5,2,0.0016296164606127014,4.2,1
799.0,1700.0,53.0,0.46999999999997233,901.0,901.0,1,0,0.5299999999999688,5,4,0.027630805408581562,4.1,1
229.0,595.0,62.0,0.3848739495797672,366.0,366.0,1,0,0.6151260504200646,4,4,0.0645761660368737,4.3,1
9999.0,27990.0,64.0,0.35723472668810163,17991.0,17991.0,1,0,0.6427652733118948,5,4,0.0012762485323429018,4.2,1
349.0,599.0,42.0,0.5826377295491514,250.0,250.0,0,0,0.4173622704506815,4,3,0.0971062882581919,4.2,1
489.0,1200.0,59.0,0.407499999999966,711.0,711.0,1,0,0.5924999999999506,5,4,0.03393005828475987,4.4,1
23999.0,34990.0,31.0,0.6858816804801352,10991.0,10991.0,0,0,0.3141183195198619,5,3,0.001960165986911306,4.3,1
399.0,999.0,60.0,0.3993993993993594,600.0,600.0,1,0,0.6006006006005404,4,4,0.03993993993993594,4.3,1
349.0,1299.0,73.0,0.2686682063125274,950.0,950.0,1,0,0.7313317936873955,5,4,0.020666785100963647,4.0,1
179.0,299.0,40.0,0.5986622073576593,120.0,120.0,0,0,0.40133779264200625,3,3,0.19955406911921977,3.9,0
689.0,1500.0,54.0,0.4593333333333027,811.0,811.0,1,0,0.5406666666666307,5,4,0.0306018210082147,4.2,1
30990.0,49990.0,38.0,0.6199239847969581,19000.0,19000.0,0,0,0.38007601520303985,5,3,0.0012400711824067494,4.3,1
249.0,931.0,73.0,0.2674543501610883,682.0,682.0,1,0,0.7325456498388042,4,4,0.02869681868681205,3.9,0
999.0,2399.0,58.0,0.41642350979573084,1400.0,1400.0,1,0,0.5835764902042274,5,4,0.017350979574822116,4.6,2
399.0,399.0,0.0,0.9999999999997494,0.0,0.0,0,1,0.0,3,0,0.24999999999993736,3.9,0
349.0,699.0,50.0,0.49928469241766815,350.0,350.0,0,0,0.5007153075821887,4,3,0.07132638463109545,4.3,1
399.0,1099.0,64.0,0.3630573248407313,700.0,700.0,1,0,0.6369426751591777,5,4,0.03300521134915739,4.1,1
1699.0,2999.0,43.0,0.5665221740580004,1300.0,1300.0,0,0,0.4334778259419662,5,3,0.018884072468600015,4.4,1
655.0,1099.0,40.0,0.5959963603275162,444.0,444.0,0,0,0.4040036396723927,5,3,0.054181487302501476,3.2,0
749.0,1339.0,44.0,0.5593726661687409,590.0,590.0,0,0,0.4406273338311844,5,3,0.041744228818562754,4.2,1
9999.0,12999.0,23.0,0.7692130163858699,3000.0,3000.0,0,0,0.2307869836141224,5,2,0.00591702320296823,4.2,1
195.0,499.0,61.0,0.3907815631261742,304.0,304.0,1,0,0.6092184368736254,3,4,0.07815631262523483,3.7,0
999.0,2100.0,52.0,0.47571428571426305,1101.0,1101.0,1,0,0.5242857142856893,5,4,0.022642279186780724,4.5,2
499.0,899.0,44.0,0.5550611790878136,400.0,400.0,0,0,0.4449388209120751,4,3,0.0616734643430904,4.2,1
416.0,599.0,31.0,0.6944908180299341,183.0,183.0,0,0,0.3055091819698989,4,3,0.11574846967165567,4.2,1
368.0,699.0,47.0,0.5264663805435584,331.0,331.0,0,0,0.47353361945629846,4,3,0.07520948293479406,4.2,1
29990.0,65000.0,54.0,0.46138461538461467,35010.0,35010.0,1,0,0.5386153846153837,5,4,0.000709811565029176,4.1,1
339.0,1099.0,69.0,0.30846223839851605,760.0,760.0,1,0,0.6915377616013929,5,4,0.028042021672592368,4.3,1
15490.0,20900.0,26.0,0.7411483253588482,5410.0,5410.0,0,0,0.2588516746411471,5,2,0.0035459945713547116,4.3,1
499.0,1299.0,62.0,0.38414164742106355,800.0,800.0,1,0,0.6158583525788595,5,4,0.029549357493927966,4.3,1
249.0,399.0,38.0,0.6240601503757834,150.0,150.0,0,0,0.3759398496239659,3,3,0.15601503759394586,3.4,0
399.0,799.0,50.0,0.49937421777215274,400.0,400.0,0,0,0.500625782227722,4,3,0.0624217772215191,4.3,1
1499.0,1999.0,25.0,0.7498749374686968,500.0,500.0,0,0,0.2501250625312531,5,2,0.03749374687343485,4.4,1
9490.0,15990.0,41.0,0.5934959349593458,6500.0,6500.0,0,0,0.40650406504064784,5,3,0.003711437276964204,3.9,0
637.0,1499.0,58.0,0.42494996664440127,862.0,862.0,1,0,0.575050033355532,5,4,0.02832999777629342,4.1,1
399.0,899.0,56.0,0.4438264738597949,500.0,500.0,1,0,0.5561735261400939,4,4,0.04931405265108832,3.9,0
1089.0,1600.0,32.0,0.6806249999999574,511.0,511.0,0,0,0.31937499999998004,5,3,0.0425124921923771,4.0,1
339.0,999.0,66.0,0.3393393393393054,660.0,660.0,1,0,0.6606606606605945,4,4,0.03393393393393054,4.3,1
149.0,499.0,70.0,0.29859719438871773,350.0,350.0,1,0,0.7014028056110819,3,4,0.05971943887774355,4.0,1
149.0,399.0,63.0,0.3734335839598062,250.0,250.0,1,0,0.6265664160399432,3,4,0.09335839598995153,3.9,0
599.0,849.0,29.0,0.7055359246171136,250.0,250.0,0,0,0.2944640753827686,4,2,0.08300422642554278,4.5,2
299.0,1199.0,75.0,0.2493744787322561,900.0,900.0,1,0,0.7506255212676605,5,4,0.020781206561021344,3.9,0
399.0,1299.0,69.0,0.30715935334870614,900.0,900.0,1,0,0.6928406466512168,5,4,0.023627642565285087,4.2,1
339.0,1999.0,83.0,0.16958479239618962,1660.0,1660.0,1,0,0.8304152076037603,5,4,0.008479239619809481,4.0,1
12499.0,22990.0,46.0,0.5436711613745083,10491.0,10491.0,0,0,0.4563288386254874,5,3,0.002364712980620714,4.3,1
249.0,399.0,38.0,0.6240601503757834,150.0,150.0,0,0,0.3759398496239659,3,3,0.15601503759394586,4.0,1
1399.0,2499.0,44.0,0.5598239295718063,1100.0,1100.0,0,0,0.44017607042815365,5,3,0.02239295718287225,4.4,1
32999.0,47990.0,31.0,0.6876224213377773,14991.0,14991.0,0,0,0.31237757866222066,5,3,0.0014328153640011197,4.3,1
149.0,399.0,63.0,0.3734335839598062,250.0,250.0,1,0,0.6265664160399432,3,4,0.09335839598995153,4.0,1
325.0,999.0,67.0,0.32532532532529274,674.0,674.0,1,0,0.6746746746746071,4,4,0.032532532532529274,4.3,1
399.0,1999.0,80.0,0.19959979989993998,1600.0,1600.0,1,0,0.80040020010001,5,4,0.009979989994996998,5.0,2
199.0,499.0,60.0,0.39879759519030084,300.0,300.0,1,0,0.6012024048094988,3,4,0.07975951903806017,3.7,0
88.0,299.0,71.0,0.2943143812708046,211.0,211.0,1,0,0.705685618728861,3,4,0.09810479375693487,4.0,1
399.0,1099.0,64.0,0.3630573248407313,700.0,700.0,1,0,0.6369426751591777,5,4,0.03300521134915739,4.1,1
57.89,199.0,71.0,0.29090452261291916,141.11,141.11,1,0,0.7090954773865784,2,4,0.14545226130645958,4.0,1
799.0,1999.0,60.0,0.39969984992494245,1200.0,1200.0,1,0,0.6003001500750075,5,4,0.019984992496247123,3.3,0
205.0,499.0,59.0,0.41082164328649085,294.0,294.0,1,0,0.5891783567133088,3,4,0.08216432865729817,3.8,0
299.0,699.0,57.0,0.4277539341916412,400.0,400.0,1,0,0.5722460658082157,4,4,0.06110770488452017,4.1,1
849.0,999.0,15.0,0.8498498498497647,150.0,150.0,0,0,0.1501501501501351,4,1,0.08498498498497647,4.1,1
949.0,1999.0,53.0,0.47473736868431843,1050.0,1050.0,1,0,0.5252626313156316,5,4,0.02373686843421592,4.4,1
499.0,1200.0,58.0,0.41583333333329864,701.0,701.0,1,0,0.584166666666618,5,4,0.03462392450735209,4.3,1
299.0,485.0,38.0,0.6164948453606977,186.0,186.0,0,0,0.3835051546390962,3,3,0.126850791226481,4.3,1
949.0,1999.0,53.0,0.47473736868431843,1050.0,1050.0,1,0,0.5252626313156316,5,4,0.02373686843421592,4.4,1
379.0,1099.0,66.0,0.3448589626933262,720.0,720.0,1,0,0.6551410373065828,5,4,0.031350814790302384,4.3,1
8990.0,18990.0,53.0,0.4734070563454425,10000.0,10000.0,1,0,0.5265929436545523,5,4,0.0024927968845529064,3.9,0
486.0,1999.0,76.0,0.24312156078037803,1513.0,1513.0,1,0,0.7568784392195719,5,4,0.012156078039018902,4.2,1
5699.0,11000.0,48.0,0.5180909090909044,5301.0,5301.0,0,0,0.4819090909090865,5,3,0.004709489219988223,4.2,1
709.0,1999.0,65.0,0.35467733866931694,1290.0,1290.0,1,0,0.645322661330633,5,4,0.017733866933465847,4.1,1
47990.0,70900.0,32.0,0.6768688293370936,22910.0,22910.0,0,0,0.32313117066290503,5,3,0.0009546675354890531,4.3,1
299.0,1199.0,75.0,0.2493744787322561,900.0,900.0,1,0,0.7506255212676605,5,4,0.020781206561021344,3.7,0
320.0,599.0,47.0,0.5342237061768724,279.0,279.0,0,0,0.4657762938229606,4,3,0.08903728436281207,4.1,1
139.0,549.0,75.0,0.2531876138433054,410.0,410.0,1,0,0.7468123861565124,4,4,0.046034111607873705,3.9,0
129.0,249.0,48.0,0.5180722891564185,120.0,120.0,0,0,0.48192771084318,3,3,0.20722891566256738,4.0,1
24999.0,35999.0,31.0,0.6944359565543468,11000.0,11000.0,0,0,0.3055640434456504,5,3,0.0019289887682065188,4.2,1
999.0,1699.0,41.0,0.5879929370217429,700.0,700.0,0,0,0.4120070629781982,5,3,0.03458781982480841,4.4,1
225.0,499.0,55.0,0.45090180360712406,274.0,274.0,1,0,0.5490981963926755,3,4,0.09018036072142482,4.1,1
547.0,2999.0,82.0,0.18239413137711963,2452.0,2452.0,1,0,0.817605868622847,5,4,0.0060798043792373215,4.3,1
259.0,699.0,63.0,0.37052932761081964,440.0,440.0,1,0,0.6294706723890372,4,4,0.052932761087259944,3.8,0
239.0,699.0,66.0,0.3419170243204089,460.0,460.0,1,0,0.6580829756794481,4,4,0.04884528918862985,4.4,1
349.0,999.0,65.0,0.3493493493493144,650.0,650.0,1,0,0.6506506506505855,4,4,0.03493493493493144,4.0,1
467.0,599.0,22.0,0.7796327212018731,132.0,132.0,0,0,0.22036727879795986,4,2,0.12993878686697885,4.4,1
449.0,599.0,25.0,0.749582637729424,150.0,150.0,0,0,0.25041736227040895,4,2,0.12493043962157067,4.0,1
11990.0,31990.0,63.0,0.3748046264457632,20000.0,20000.0,1,0,0.6251953735542338,5,4,0.0011715939684466357,4.2,1
350.0,599.0,42.0,0.5843071786309542,249.0,249.0,0,0,0.4156928213688788,4,3,0.0973845297718257,3.9,0
252.0,999.0,75.0,0.25225225225222697,747.0,747.0,1,0,0.7477477477476728,4,4,0.0252252252252227,3.7,0
204.0,599.0,66.0,0.34056761268775615,395.0,395.0,1,0,0.6594323873120769,4,4,0.056761268781292694,3.6,0
6490.0,9990.0,35.0,0.6496496496496431,3500.0,3500.0,0,0,0.35035035035034684,5,3,0.006502348610245652,4.0,1
235.0,599.0,61.0,0.39232053422364066,364.0,364.0,1,0,0.6076794657761924,4,4,0.06538675570394012,3.5,0
299.0,800.0,63.0,0.3737499999999533,501.0,501.0,1,0,0.6262499999999217,4,4,0.04666042446940741,4.5,2
799.0,1999.0,60.0,0.39969984992494245,1200.0,1200.0,1,0,0.6003001500750075,5,4,0.019984992496247123,4.2,1
299.0,999.0,70.0,0.29929929929926935,700.0,700.0,1,0,0.7007007007006305,4,4,0.029929929929926935,3.8,0
6999.0,16990.0,59.0,0.41194820482636607,9991.0,9991.0,1,0,0.5880517951736282,5,4,0.0024245082974890596,3.8,0
42999.0,59999.0,28.0,0.7166619443657382,17000.0,17000.0,0,0,0.28333805563426007,5,2,0.001194436573942897,4.1,1
173.0,999.0,83.0,0.17317317317315584,826.0,826.0,1,0,0.826826826826744,4,4,0.017317317317315586,4.3,1
209.0,600.0,65.0,0.34833333333327526,391.0,391.0,1,0,0.651666666666558,4,4,0.05795895729339022,4.4,1
848.99,1490.0,43.0,0.5697919463086866,641.01,641.01,0,0,0.43020805369124626,5,3,0.038215422287638266,3.9,0
649.0,1999.0,68.0,0.32466233116556653,1350.0,1350.0,1,0,0.6753376688343834,5,4,0.016233116558278325,4.2,1
299.0,899.0,67.0,0.33259176863177614,600.0,600.0,1,0,0.6674082313681126,4,4,0.03695464095908624,3.8,0
399.0,799.0,50.0,0.49937421777215274,400.0,400.0,0,0,0.500625782227722,4,3,0.0624217772215191,4.1,1
249.0,499.0,50.0,0.498997995991884,250.0,250.0,0,0,0.5010020040079156,3,3,0.09979959919837679,4.1,1
1249.0,2299.0,46.0,0.543279686820333,1050.0,1050.0,0,0,0.45672031317962347,5,3,0.02362085594871013,4.3,1
213.0,499.0,57.0,0.42685370741474415,286.0,286.0,1,0,0.5731462925850555,3,4,0.08537074148294883,3.7,0
209.0,499.0,58.0,0.4188376753506175,290.0,290.0,1,0,0.5811623246491822,3,4,0.0837675350701235,4.0,1
598.0,4999.0,88.0,0.1196239247849546,4401.0,4401.0,1,0,0.8803760752150254,5,4,0.002392478495699092,4.2,1
799.0,1749.0,54.0,0.4568324757003741,950.0,950.0,1,0,0.5431675242995687,5,4,0.026104712897164234,4.1,1
159.0,595.0,73.0,0.2672268907562576,436.0,436.0,1,0,0.7327731092435743,4,4,0.044836726636955974,4.3,1
499.0,1100.0,55.0,0.45363636363632237,601.0,601.0,1,0,0.5463636363635866,5,4,0.04120221286433446,4.4,1
31999.0,49999.0,36.0,0.6399927998559958,18000.0,18000.0,0,0,0.36000720014400217,5,3,0.0012799855997119916,4.3,1
32990.0,56790.0,42.0,0.5809121324176781,23800.0,23800.0,0,0,0.4190878675823201,5,3,0.0010228947058824075,4.3,1
299.0,1199.0,75.0,0.2493744787322561,900.0,900.0,1,0,0.7506255212676605,5,4,0.020781206561021344,3.5,0
128.31,549.0,77.0,0.23371584699449294,420.69,420.69,1,0,0.7662841530053248,4,4,0.04249379036263508,3.9,0
599.0,849.0,29.0,0.7055359246171136,250.0,250.0,0,0,0.2944640753827686,4,2,0.08300422642554278,4.5,2
399.0,899.0,56.0,0.4438264738597949,500.0,500.0,1,0,0.5561735261400939,4,4,0.04931405265108832,3.4,0
449.0,1099.0,59.0,0.408553230209244,650.0,650.0,1,0,0.591446769790665,5,4,0.03714120274629491,4.0,1
254.0,799.0,68.0,0.3178973717146035,545.0,545.0,1,0,0.6821026282852712,4,4,0.03973717146432544,4.0,1
399.0,795.0,50.0,0.501886792452767,396.0,396.0,0,0,0.49811320754710714,4,3,0.06305110457949334,4.4,1
179.0,399.0,55.0,0.44862155388459934,220.0,220.0,1,0,0.5513784461151501,3,4,0.11215538847114984,4.0,1
339.0,999.0,66.0,0.3393393393393054,660.0,660.0,1,0,0.6606606606605945,4,4,0.03393393393393054,4.3,1
399.0,999.0,60.0,0.3993993993993594,600.0,600.0,1,0,0.6006006006005404,4,4,0.03993993993993594,4.0,1
199.0,399.0,50.0,0.4987468671677948,200.0,200.0,0,0,0.5012531328319546,3,3,0.1246867167919487,4.2,1
349.0,1999.0,83.0,0.17458729364681466,1650.0,1650.0,1,0,0.8254127063531352,5,4,0.008729364682340734,3.8,0
299.0,798.0,63.0,0.374686716791933,499.0,499.0,1,0,0.6253132832079417,4,4,0.046894457671080476,4.4,1
89.0,800.0,89.0,0.11124999999998608,711.0,711.0,1,0,0.8887499999998889,4,4,0.01388888888888715,3.9,0
549.0,995.0,45.0,0.5517587939697938,446.0,446.0,0,0,0.4482412060301057,4,3,0.05539746927407568,4.2,1
129.0,1000.0,87.0,0.1289999999999871,871.0,871.0,1,0,0.8709999999999128,4,4,0.012887112887111597,3.9,0
77990.0,139900.0,44.0,0.5574696211579696,61910.0,61910.0,0,0,0.4425303788420297,5,3,0.0003984743648422596,4.7,2
349.0,799.0,56.0,0.4367959949936875,450.0,450.0,1,0,0.5632040050061873,4,4,0.054599499374210936,3.6,0
499.0,899.0,44.0,0.5550611790878136,400.0,400.0,0,0,0.4449388209120751,4,3,0.0616734643430904,3.7,0
299.0,799.0,63.0,0.37421777221522223,500.0,500.0,1,0,0.6257822277846525,4,4,0.04677722152690277,4.2,1
182.0,599.0,70.0,0.3038397328880962,417.0,417.0,1,0,0.6961602671117368,4,4,0.050639955481349364,4.0,1
96.0,399.0,76.0,0.2406015037593382,303.0,303.0,1,0,0.7593984962404112,3,4,0.06015037593983455,3.6,0
54990.0,85000.0,35.0,0.6469411764705875,30010.0,30010.0,0,0,0.3530588235294113,5,3,0.000761098312338193,4.3,1
439.0,758.0,42.0,0.5791556728231425,319.0,319.0,0,0,0.42084432717672543,4,3,0.07630509523361562,4.2,1
299.0,999.0,70.0,0.29929929929926935,700.0,700.0,1,0,0.7007007007006305,4,4,0.029929929929926935,4.3,1
299.0,799.0,63.0,0.37421777221522223,500.0,500.0,1,0,0.6257822277846525,4,4,0.04677722152690277,4.2,1
789.0,1999.0,61.0,0.39469734867431744,1210.0,1210.0,1,0,0.6053026513256325,5,4,0.019734867433715872,4.2,1
299.0,700.0,57.0,0.4271428571427961,401.0,401.0,1,0,0.572857142857061,4,4,0.06093336050539174,4.4,1
325.0,1099.0,70.0,0.2957233848953325,774.0,774.0,1,0,0.7042766151045765,5,4,0.026883944081393864,4.2,1
1299.0,1999.0,35.0,0.6498249124561956,700.0,700.0,0,0,0.35017508754375437,5,3,0.03249124562280978,4.4,1
790.0,1999.0,60.0,0.39519759879937993,1209.0,1209.0,1,0,0.60480240120057,5,4,0.019759879939968996,3.0,0
4699.0,4699.0,0.0,0.9999999999999787,0.0,0.0,0,1,0.0,5,0,0.021276595744680396,4.5,2
18999.0,24990.0,24.0,0.7602641056422539,5991.0,5991.0,0,0,0.23973589435774215,5,2,0.0030421515971439874,4.3,1
199.0,999.0,80.0,0.19919919919917925,800.0,800.0,1,0,0.8008008008007206,4,4,0.019919919919917924,4.2,1
269.0,650.0,59.0,0.41384615384609014,381.0,381.0,1,0,0.586153846153756,4,4,0.06357083776437636,4.4,1
1990.0,3100.0,36.0,0.641935483870947,1110.0,1110.0,0,0,0.3580645161290207,5,3,0.020700918538244018,4.0,1
2299.0,3999.0,43.0,0.5748937234308433,1700.0,1700.0,0,0,0.42510627656913164,5,3,0.014372343085771084,3.8,0
35999.0,49990.0,28.0,0.7201240248049595,13991.0,13991.0,0,0,0.27987597519503843,5,2,0.0014405073409312866,4.3,1
349.0,999.0,65.0,0.3493493493493144,650.0,650.0,1,0,0.6506506506505855,4,4,0.03493493493493144,4.2,1
719.0,1499.0,52.0,0.47965310206801337,780.0,780.0,1,0,0.5203468979319199,5,4,0.03197687347120089,4.1,1
8999.0,18999.0,53.0,0.4736565082372732,10000.0,10000.0,1,0,0.5263434917627217,5,4,0.0024929289907224903,4.0,1
917.0,2299.0,60.0,0.39886907351020445,1382.0,1382.0,1,0,0.601130926489752,5,4,0.017342133630878456,4.2,1
399.0,999.0,60.0,0.3993993993993594,600.0,600.0,1,0,0.6006006006005404,4,4,0.03993993993993594,3.3,0
45999.0,69900.0,34.0,0.658068669527896,23901.0,23901.0,0,0,0.3419313304721025,5,3,0.0009414295496886969,4.3,1
119.0,299.0,60.0,0.3979933110366562,180.0,180.0,1,0,0.6020066889630094,3,4,0.13266443701221875,3.8,0
21999.0,29999.0,27.0,0.7333244441481359,8000.0,8000.0,0,0,0.26667555585186087,5,2,0.0024444148138271196,4.2,1
299.0,599.0,50.0,0.4991652754590151,300.0,300.0,0,0,0.5008347245408179,4,3,0.08319421257650252,3.7,0
21990.0,34990.0,37.0,0.6284652757930819,13000.0,13000.0,0,0,0.3715347242069152,5,3,0.001796076922045903,4.3,1
417.44,670.0,38.0,0.62304477611931,252.56,252.56,0,0,0.37695522388054076,4,3,0.0928531708076468,3.9,0
199.0,999.0,80.0,0.19919919919917925,800.0,800.0,1,0,0.8008008008007206,4,4,0.019919919919917924,3.0,0
47990.0,79990.0,40.0,0.5999499937492179,32000.0,32000.0,0,0,0.40005000625078085,5,3,0.0007500218696468577,4.3,1
215.0,499.0,57.0,0.43086172344680745,284.0,284.0,1,0,0.5691382765529922,3,4,0.0861723446893615,3.5,0
99.0,800.0,88.0,0.12374999999998453,701.0,701.0,1,0,0.8762499999998904,4,4,0.01544943820224526,3.9,0
18999.0,35000.0,46.0,0.5428285714285699,16001.0,16001.0,0,0,0.45717142857142723,5,3,0.0015508944642397928,4.0,1
249.0,999.0,75.0,0.2492492492492243,750.0,750.0,1,0,0.7507507507506755,4,4,0.024924924924922428,4.3,1
7999.0,15999.0,50.0,0.4999687480467498,8000.0,8000.0,0,0,0.5000312519532439,5,3,0.0031248046752921864,3.8,0
649.0,1600.0,59.0,0.40562499999997464,951.0,951.0,1,0,0.5943749999999628,5,4,0.025335727670204537,4.3,1
1289.0,2499.0,48.0,0.515806322528991,1210.0,1210.0,0,0,0.48419367747096903,5,3,0.020632252901159637,3.3,0
609.0,1500.0,59.0,0.40599999999997294,891.0,891.0,1,0,0.5939999999999603,5,4,0.027048634243835638,4.5,2
32990.0,54990.0,40.0,0.5999272595017264,22000.0,22000.0,0,0,0.4000727404982717,5,3,0.0010909553554249358,4.1,1
599.0,1999.0,70.0,0.29964982491244124,1400.0,1400.0,1,0,0.7003501750875087,5,4,0.014982491245622063,4.2,1
349.0,899.0,61.0,0.3882091212457855,550.0,550.0,1,0,0.6117908787541032,4,4,0.04313434680508728,4.1,1
29999.0,50999.0,41.0,0.5882272201415703,21000.0,21000.0,0,0,0.41177277985842775,5,3,0.0011533867061599417,4.4,1
199.0,399.0,50.0,0.4987468671677948,200.0,200.0,0,0,0.5012531328319546,3,3,0.1246867167919487,4.2,1
349.0,699.0,50.0,0.49928469241766815,350.0,350.0,0,0,0.5007153075821887,4,3,0.07132638463109545,3.9,0
1850.0,4500.0,59.0,0.411111111111102,2650.0,2650.0,1,0,0.5888888888888758,5,4,0.009133772741859631,4.0,1
13990.0,28900.0,52.0,0.48408304498269733,14910.0,14910.0,1,0,0.5159169550172993,5,4,0.0016749698798750818,4.5,2
129.0,449.0,71.0,0.28730512249436807,320.0,320.0,1,0,0.7126948775054093,3,4,0.06384558277652623,3.7,0
379.0,999.0,62.0,0.3793793793793414,620.0,620.0,1,0,0.6206206206205584,4,4,0.03793793793793414,4.2,1
185.0,499.0,63.0,0.37074148296585757,314.0,314.0,1,0,0.6292585170339421,3,4,0.07414829659317151,4.2,1
218.0,999.0,78.0,0.21821821821819637,781.0,781.0,1,0,0.7817817817817035,4,4,0.021821821821819635,4.2,1
199.0,999.0,80.0,0.19919919919917925,800.0,800.0,1,0,0.8008008008007206,4,4,0.019919919919917924,4.3,1
499.0,900.0,45.0,0.5544444444443828,401.0,401.0,0,0,0.445555555555506,4,3,0.06153656431125225,4.4,1
26999.0,42999.0,37.0,0.6278983232168175,16000.0,16000.0,0,0,0.3721016767831801,5,3,0.0014602286586437615,4.2,1
893.0,1052.0,15.0,0.8488593155892729,159.0,159.0,0,0,0.15114068441063203,5,1,0.08061342028388156,4.3,1
10990.0,19990.0,45.0,0.5497748874437192,9000.0,9000.0,0,0,0.45022511255627595,5,3,0.0027501119876130217,3.7,0
379.0,1099.0,66.0,0.3448589626933262,720.0,720.0,1,0,0.6551410373065828,5,4,0.031350814790302384,4.3,1
16999.0,25999.0,35.0,0.6538328397246024,9000.0,9000.0,0,0,0.3461671602753939,5,3,0.0025147416912484704,4.2,1
699.0,1899.0,63.0,0.3680884676145146,1200.0,1200.0,1,0,0.6319115323854327,5,4,0.019373077242869186,4.4,1
2699.0,3500.0,23.0,0.7711428571428351,801.0,801.0,0,0,0.22885714285713632,5,2,0.022026359815562273,3.5,0
129.0,599.0,78.0,0.21535893155255167,470.0,470.0,1,0,0.7846410684472813,4,4,0.03589315525875861,4.1,1
389.0,999.0,61.0,0.3893893893893504,610.0,610.0,1,0,0.6106106106105494,4,4,0.03893893893893504,4.3,1
246.0,600.0,59.0,0.40999999999993164,354.0,354.0,1,0,0.5899999999999016,4,4,0.06821963394341625,4.2,1
299.0,799.0,63.0,0.37421777221522223,500.0,500.0,1,0,0.6257822277846525,4,4,0.04677722152690277,4.0,1
247.0,399.0,38.0,0.619047619047464,152.0,152.0,0,0,0.3809523809522855,3,3,0.154761904761866,3.9,0
1369.0,2999.0,54.0,0.4564854951650398,1630.0,1630.0,1,0,0.5435145048349268,5,4,0.015216183172167993,3.3,0
199.0,499.0,60.0,0.39879759519030084,300.0,300.0,1,0,0.6012024048094988,3,4,0.07975951903806017,3.8,0
299.0,599.0,50.0,0.4991652754590151,300.0,300.0,0,0,0.5008347245408179,4,3,0.08319421257650252,4.0,1
14999.0,14999.0,0.0,0.9999999999999933,0.0,0.0,0,1,0.0,5,0,0.006666666666666622,4.3,1
299.0,699.0,57.0,0.4277539341916412,400.0,400.0,1,0,0.5722460658082157,4,4,0.06110770488452017,3.9,0
24990.0,51990.0,52.0,0.4806693594922091,27000.0,27000.0,1,0,0.519330640507789,5,4,0.00092452416666771,4.2,1
249.0,999.0,75.0,0.2492492492492243,750.0,750.0,1,0,0.7507507507506755,4,4,0.024924924924922428,5.0,2
61999.0,69999.0,11.0,0.8857126530378993,8000.0,8000.0,0,0,0.11428734696209929,5,1,0.0012653037900541419,4.1,1
24499.0,50000.0,51.0,0.489979999999999,25501.0,25501.0,1,0,0.5100199999999989,5,4,0.0009799404011919743,3.9,0
10499.0,19499.0,46.0,0.5384378686086438,9000.0,9000.0,0,0,0.4615621313913511,5,3,0.002761219839018686,4.2,1
349.0,999.0,65.0,0.3493493493493144,650.0,650.0,1,0,0.6506506506505855,4,4,0.03493493493493144,4.3,1
197.0,499.0,61.0,0.39478957915823754,302.0,302.0,1,0,0.6052104208415621,3,4,0.07895791583164752,3.8,0
1299.0,2499.0,48.0,0.5198079231692468,1200.0,1200.0,0,0,0.4801920768307131,5,3,0.020792316926769874,4.3,1
1519.0,1899.0,20.0,0.799894681411227,380.0,380.0,0,0,0.20010531858872038,5,1,0.04209972007427511,4.4,1
46999.0,69999.0,33.0,0.671423877483963,23000.0,23000.0,0,0,0.32857612251603546,5,3,0.0009591769678342328,4.3,1
299.0,799.0,63.0,0.37421777221522223,500.0,500.0,1,0,0.6257822277846525,4,4,0.04677722152690277,4.3,1
1799.0,19999.0,91.0,0.0899544977248858,18200.0,18200.0,1,0,0.9100455022751093,5,4,0.00044977248862442903,4.2,1
1998.0,9999.0,80.0,0.1998199819981978,8001.0,8001.0,1,0,0.8001800180017922,5,4,0.001998199819981978,4.3,1
1999.0,7990.0,75.0,0.2501877346683323,5991.0,5991.0,1,0,0.7498122653316552,5,4,0.003130868910878892,3.8,0
2049.0,2199.0,7.0,0.9317871759890436,150.0,150.0,0,1,0.06821282401091094,5,0,0.042353962544956526,4.3,1
6499.0,8999.0,28.0,0.722191354594947,2500.0,2500.0,0,0,0.2778086454050419,5,2,0.0080243483843883,4.0,1
28999.0,28999.0,0.0,0.9999999999999966,0.0,0.0,0,1,0.0,5,0,0.0034482758620689538,4.3,1
28999.0,28999.0,0.0,0.9999999999999966,0.0,0.0,0,1,0.0,5,0,0.0034482758620689538,4.3,1
6499.0,8999.0,28.0,0.722191354594947,2500.0,2500.0,0,0,0.2778086454050419,5,2,0.0080243483843883,4.0,1
6499.0,8999.0,28.0,0.722191354594947,2500.0,2500.0,0,0,0.2778086454050419,5,2,0.0080243483843883,4.0,1
569.0,1000.0,43.0,0.5689999999999431,431.0,431.0,0,0,0.43099999999995686,4,3,0.05684315684315116,4.4,1
1898.0,4999.0,62.0,0.3796759351870298,3101.0,3101.0,1,0,0.6203240648129502,5,4,0.007593518703740597,4.1,1
1299.0,1599.0,19.0,0.8123827392119567,300.0,300.0,0,0,0.18761726078798074,5,1,0.05077392120074729,4.0,1
1499.0,6990.0,79.0,0.21444921316165644,5491.0,5491.0,1,0,0.7855507868383292,5,4,0.003067504121894671,3.9,0
599.0,999.0,40.0,0.5995995995995396,400.0,400.0,0,0,0.4004004004003603,4,3,0.05995995995995396,4.1,1
9499.0,11999.0,21.0,0.7916493041086691,2500.0,2500.0,0,0,0.20835069589132255,5,2,0.006597077534238908,4.2,1
599.0,2499.0,76.0,0.23969587835133094,1900.0,1900.0,1,0,0.760304121648629,5,4,0.009587835134053238,3.9,0
8999.0,11999.0,25.0,0.7499791649304046,3000.0,3000.0,0,0,0.25002083506958706,5,2,0.006249826374420038,4.0,1
349.0,1299.0,73.0,0.2686682063125274,950.0,950.0,1,0,0.7313317936873955,5,4,0.020666785100963647,4.0,1
349.0,999.0,65.0,0.3493493493493144,650.0,650.0,1,0,0.6506506506505855,4,4,0.03493493493493144,4.1,1
959.0,1800.0,47.0,0.5327777777777482,841.0,841.0,0,0,0.4672222222221962,5,3,0.029582330803872747,4.4,1
9499.0,11999.0,21.0,0.7916493041086691,2500.0,2500.0,0,0,0.20835069589132255,5,2,0.006597077534238908,4.2,1
1499.0,2499.0,40.0,0.5998399359743657,1000.0,1000.0,0,0,0.40016006402559423,5,3,0.023993597438974626,4.3,1
1149.0,2199.0,48.0,0.5225102319235778,1050.0,1050.0,0,0,0.47748976807637666,5,3,0.023750465087435356,4.3,1
349.0,999.0,65.0,0.3493493493493144,650.0,650.0,1,0,0.6506506506505855,4,4,0.03493493493493144,3.9,0
1219.0,1699.0,28.0,0.7174808711006052,480.0,480.0,0,0,0.28251912889933595,5,2,0.042204757123565015,4.4,1
1599.0,3999.0,60.0,0.39984996249061266,2400.0,2400.0,1,0,0.6001500375093624,5,4,0.009996249062265317,4.0,1
1499.0,7999.0,81.0,0.18739842480309804,6500.0,6500.0,1,0,0.8126015751968895,5,4,0.0023424803100387257,4.2,1
18499.0,25999.0,29.0,0.711527366437168,7500.0,7500.0,0,0,0.28847263356282826,5,2,0.0027366437170660307,4.1,1
369.0,700.0,47.0,0.5271428571427818,331.0,331.0,0,0,0.47285714285707525,4,3,0.07519869574076772,4.4,1
12999.0,17999.0,28.0,0.7222067892660664,5000.0,5000.0,0,0,0.27779321073392815,5,2,0.004012259940367036,4.1,1
1799.0,19999.0,91.0,0.0899544977248858,18200.0,18200.0,1,0,0.9100455022751093,5,4,0.00044977248862442903,4.2,1
2199.0,9999.0,78.0,0.2199219921992177,7800.0,7800.0,1,0,0.7800780078007723,5,4,0.002199219921992177,4.2,1
16999.0,24999.0,32.0,0.6799871994879768,8000.0,8000.0,0,0,0.32001280051201925,5,3,0.0027199487979519075,4.1,1
16499.0,20999.0,21.0,0.7857040811467176,4500.0,4500.0,0,0,0.21429591885327773,5,2,0.00374144800546056,4.0,1
1799.0,19999.0,91.0,0.0899544977248858,18200.0,18200.0,1,0,0.9100455022751093,5,4,0.00044977248862442903,4.2,1
399.0,1099.0,64.0,0.3630573248407313,700.0,700.0,1,0,0.6369426751591777,5,4,0.03300521134915739,4.2,1
8499.0,10999.0,23.0,0.7727066096917832,2500.0,2500.0,0,0,0.22729339030820778,5,2,0.0070246055426525745,4.1,1
6499.0,8499.0,24.0,0.7646781974349833,2000.0,2000.0,0,0,0.23532180256500487,5,2,0.008996214087470393,4.1,1
1799.0,19999.0,91.0,0.0899544977248858,18200.0,18200.0,1,0,0.9100455022751093,5,4,0.00044977248862442903,4.2,1
8999.0,11999.0,25.0,0.7499791649304046,3000.0,3000.0,0,0,0.25002083506958706,5,2,0.006249826374420038,4.0,1
139.0,495.0,72.0,0.2808080808080241,356.0,356.0,1,0,0.7191919191917739,3,4,0.0566145324209726,4.3,1
3999.0,16999.0,76.0,0.23524913230189876,13000.0,13000.0,1,0,0.7647508676980954,5,4,0.0013838184253052866,4.3,1
2998.0,5999.0,50.0,0.4997499583263794,3001.0,3001.0,0,0,0.5002500416736039,5,3,0.008329165972106324,4.1,1
199.0,349.0,43.0,0.5702005730657392,150.0,150.0,0,0,0.42979942693397427,3,3,0.16291444944735406,4.0,1
15499.0,18999.0,18.0,0.8157797778830422,3500.0,3500.0,0,0,0.18422022211695258,5,1,0.004293577778331802,4.1,1
199.0,999.0,80.0,0.19919919919917925,800.0,800.0,1,0,0.8008008008007206,4,4,0.019919919919917924,3.9,0
1799.0,19999.0,91.0,0.0899544977248858,18200.0,18200.0,1,0,0.9100455022751093,5,4,0.00044977248862442903,4.2,1
8999.0,11999.0,25.0,0.7499791649304046,3000.0,3000.0,0,0,0.25002083506958706,5,2,0.006249826374420038,4.0,1
873.0,1699.0,49.0,0.5138316656856672,826.0,826.0,0,0,0.4861683343142739,5,3,0.030225392099156895,4.4,1
12999.0,15999.0,19.0,0.8124882805175273,3000.0,3000.0,0,0,0.18751171948246648,5,1,0.005078051753234545,4.2,1
539.0,1599.0,66.0,0.33708567854907207,1060.0,1060.0,1,0,0.6629143214508654,5,4,0.021067854909317004,3.8,0
1999.0,9999.0,80.0,0.1999199919991979,8000.0,8000.0,1,0,0.800080008000792,5,4,0.0019991999199919794,4.3,1
15490.0,20990.0,26.0,0.7379704621248179,5500.0,5500.0,0,0,0.2620295378751774,5,2,0.0035156517656367865,4.2,1
19999.0,24999.0,20.0,0.799991999679984,5000.0,5000.0,0,0,0.200008000320012,5,1,0.0031999679987199364,3.9,0
1075.0,1699.0,37.0,0.6327251324308044,624.0,624.0,0,0,0.3672748675691367,5,3,0.03721912543710614,4.4,1
399.0,699.0,43.0,0.5708154506436951,300.0,300.0,0,0,0.42918454935616174,4,3,0.08154506437767073,4.0,1
1999.0,3990.0,50.0,0.5010025062656516,1991.0,1991.0,0,0,0.49899749373432334,5,3,0.01255330759873845,4.0,1
1999.0,7990.0,75.0,0.2501877346683323,5991.0,5991.0,1,0,0.7498122653316552,5,4,0.003130868910878892,3.8,0
329.0,699.0,53.0,0.4706723891272574,370.0,370.0,1,0,0.5293276108725995,4,4,0.06723891273246535,4.2,1
154.0,399.0,61.0,0.38596491228060503,245.0,245.0,1,0,0.6140350877191444,3,4,0.09649122807015126,4.2,1
28999.0,34999.0,17.0,0.8285665304722968,6000.0,6000.0,0,0,0.1714334695277003,5,1,0.0023673329442065625,4.4,1
2299.0,7990.0,71.0,0.28773466833541567,5691.0,5691.0,1,0,0.7122653316645718,5,4,0.003600734180145359,4.2,1
399.0,1999.0,80.0,0.19959979989993998,1600.0,1600.0,1,0,0.80040020010001,5,4,0.009979989994996998,4.0,1
1149.0,3999.0,71.0,0.28732183045760723,2850.0,2850.0,1,0,0.7126781695423677,5,4,0.007183045761440181,4.3,1
529.0,1499.0,65.0,0.3529019346230585,970.0,970.0,1,0,0.6470980653768748,5,4,0.023526795641537233,4.1,1
13999.0,19499.0,28.0,0.7179342530386138,5500.0,5500.0,0,0,0.2820657469613812,5,2,0.0036817141181467376,4.1,1
379.0,999.0,62.0,0.3793793793793414,620.0,620.0,1,0,0.6206206206205584,4,4,0.03793793793793414,4.1,1
13999.0,19999.0,30.0,0.699984999249959,6000.0,6000.0,0,0,0.300015000750036,5,2,0.0034999249962497955,4.1,1
3999.0,9999.0,60.0,0.39993999399939595,6000.0,6000.0,1,0,0.6000600060005941,5,4,0.003999399939993959,4.4,1
149.0,1000.0,85.0,0.1489999999999851,851.0,851.0,1,0,0.8509999999999148,4,4,0.014885114885113395,3.9,0
99.0,499.0,80.0,0.1983967935871346,400.0,400.0,1,0,0.801603206412665,3,4,0.03967935871742692,4.3,1
4790.0,15990.0,70.0,0.2995622263914928,11200.0,11200.0,1,0,0.7004377736085009,5,4,0.0018733176561284023,4.0,1
33999.0,33999.0,0.0,0.999999999999997,0.0,0.0,0,1,0.0,5,0,0.0029411764705882266,4.3,1
99.0,999.0,90.0,0.09909909909908918,900.0,900.0,1,0,0.9009009009008107,4,4,0.009909909909908917,4.0,1
299.0,1900.0,84.0,0.1573684210526233,1601.0,1601.0,1,0,0.8426315789473241,5,4,0.008278191533541467,3.6,0
10999.0,14999.0,27.0,0.7333155543702865,4000.0,4000.0,0,0,0.2666844456297069,5,2,0.004888770362468577,4.1,1
34999.0,38999.0,10.0,0.8974332675196777,4000.0,4000.0,0,0,0.10256673248031974,5,0,0.002301110942358148,4.2,1
16999.0,24999.0,32.0,0.6799871994879768,8000.0,8000.0,0,0,0.32001280051201925,5,3,0.0027199487979519075,4.1,1
199.0,499.0,60.0,0.39879759519030084,300.0,300.0,1,0,0.6012024048094988,3,4,0.07975951903806017,4.1,1
999.0,1599.0,38.0,0.6247654784239759,600.0,600.0,0,0,0.3752345215759615,5,3,0.03904784240149849,4.0,1
1299.0,1599.0,19.0,0.8123827392119567,300.0,300.0,0,0,0.18761726078798074,5,1,0.05077392120074729,4.0,1
599.0,1800.0,67.0,0.3327777777777593,1201.0,1201.0,1,0,0.6672222222221852,5,4,0.018477389104817287,3.5,0
599.0,1899.0,68.0,0.31542917324906183,1300.0,1300.0,1,0,0.6845708267508854,5,4,0.01660153543416115,4.3,1
1799.0,2499.0,28.0,0.719887955182044,700.0,700.0,0,0,0.28011204481791596,5,2,0.02879551820728176,4.1,1
176.63,499.0,65.0,0.3539679358716726,322.37,322.37,1,0,0.6460320641281271,3,4,0.07079358717433452,4.1,1
10999.0,14999.0,27.0,0.7333155543702865,4000.0,4000.0,0,0,0.2666844456297069,5,2,0.004888770362468577,4.1,1
2999.0,7990.0,62.0,0.3753441802252769,4991.0,4991.0,1,0,0.6246558197747106,5,4,0.004697086475100449,4.1,1
1999.0,7990.0,75.0,0.2501877346683323,5991.0,5991.0,1,0,0.7498122653316552,5,4,0.003130868910878892,3.8,0
229.0,299.0,23.0,0.765886287625162,70.0,70.0,0,0,0.23411371237450365,3,2,0.2552954292083873,4.3,1
199.0,299.0,33.0,0.6655518394646603,100.0,100.0,0,0,0.3344481605350052,3,3,0.22185061315488677,4.0,1
649.0,999.0,35.0,0.6496496496495846,350.0,350.0,0,0,0.35035035035031525,4,3,0.06496496496495846,4.2,1
13999.0,19499.0,28.0,0.7179342530386138,5500.0,5500.0,0,0,0.2820657469613812,5,2,0.0036817141181467376,4.1,1
119.0,299.0,60.0,0.3979933110366562,180.0,180.0,1,0,0.6020066889630094,3,4,0.13266443701221875,4.1,1
12999.0,17999.0,28.0,0.7222067892660664,5000.0,5000.0,0,0,0.27779321073392815,5,2,0.004012259940367036,4.1,1
154.0,339.0,55.0,0.45427728613555923,185.0,185.0,1,0,0.5457227138641458,3,4,0.1336109665104586,4.3,1
20999.0,26999.0,22.0,0.7777695470202571,6000.0,6000.0,0,0,0.22223045297973917,5,2,0.0028806279519268787,3.9,0
249.0,649.0,62.0,0.38366718027729063,400.0,400.0,1,0,0.6163328197225553,4,4,0.0590257200426601,4.0,1
99.0,171.0,42.0,0.5789473684207141,72.0,72.0,0,0,0.42105263157870115,2,3,0.33659730722134545,4.5,2
489.0,1999.0,76.0,0.24462231115556554,1510.0,1510.0,1,0,0.7553776888443844,5,4,0.012231115557778277,4.0,1
369.0,1600.0,77.0,0.2306249999999856,1231.0,1231.0,1,0,0.7693749999999518,5,4,0.014405059337912902,4.0,1
15499.0,20999.0,26.0,0.7380827658459892,5500.0,5500.0,0,0,0.2619172341540061,5,2,0.003514679837361853,4.1,1
15499.0,18999.0,18.0,0.8157797778830422,3500.0,3500.0,0,0,0.18422022211695258,5,1,0.004293577778331802,4.1,1
22999.0,28999.0,21.0,0.7930963136659858,6000.0,6000.0,0,0,0.20690368633401082,5,2,0.002734814874710296,3.9,0
599.0,1490.0,60.0,0.40201342281876495,891.0,891.0,1,0,0.5979865771811679,5,4,0.02696267087986351,4.1,1
134.0,699.0,81.0,0.19170243204575224,565.0,565.0,1,0,0.8082975679541047,4,4,0.02738606172082175,4.1,1
7499.0,7999.0,6.0,0.9374921865233037,500.0,500.0,0,1,0.0625078134766838,5,0,0.011718652331541296,4.0,1
1149.0,2199.0,48.0,0.5225102319235778,1050.0,1050.0,0,0,0.47748976807637666,5,3,0.023750465087435356,4.3,1
1324.0,1699.0,22.0,0.779281930547335,375.0,375.0,0,0,0.2207180694526062,5,2,0.04584011356160794,4.0,1
13999.0,19999.0,30.0,0.699984999249959,6000.0,6000.0,0,0,0.300015000750036,5,2,0.0034999249962497955,4.1,1
299.0,799.0,63.0,0.37421777221522223,500.0,500.0,1,0,0.6257822277846525,4,4,0.04677722152690277,4.2,1
999.0,1599.0,38.0,0.6247654784239759,600.0,600.0,0,0,0.3752345215759615,5,3,0.03904784240149849,4.0,1
12999.0,17999.0,28.0,0.7222067892660664,5000.0,5000.0,0,0,0.27779321073392815,5,2,0.004012259940367036,4.1,1
15490.0,20990.0,26.0,0.7379704621248179,5500.0,5500.0,0,0,0.2620295378751774,5,2,0.0035156517656367865,4.2,1
999.0,2899.0,66.0,0.34460158675404123,1900.0,1900.0,1,0,0.6553984132459243,5,4,0.01188281333634625,4.6,2
1599.0,4999.0,68.0,0.31986397279455253,3400.0,3400.0,1,0,0.6801360272054274,5,4,0.006397279455891051,4.0,1
1324.0,1699.0,22.0,0.779281930547335,375.0,375.0,0,0,0.2207180694526062,5,2,0.04584011356160794,4.0,1
20999.0,29990.0,30.0,0.700200066688894,8991.0,8991.0,0,0,0.2997999333111027,5,2,0.002334700632486059,4.3,1
999.0,1999.0,50.0,0.4997498749374437,1000.0,1000.0,0,0,0.5002501250625062,5,3,0.024987493746872185,4.3,1
12490.0,15990.0,22.0,0.7811131957473372,3500.0,3500.0,0,0,0.21888680425265655,5,2,0.0048847051200508855,4.2,1
17999.0,21990.0,18.0,0.8185084129149577,3991.0,3991.0,0,0,0.18149158708503785,5,1,0.003722015428652438,4.0,1
350.0,899.0,61.0,0.3893214682980657,549.0,549.0,1,0,0.6106785317018231,4,4,0.0432579409220073,4.2,1
1399.0,1630.0,14.0,0.8582822085889044,231.0,231.0,0,0,0.14171779141103424,5,1,0.05262306613052755,4.0,1
159.0,399.0,60.0,0.3984962406014039,240.0,240.0,1,0,0.6015037593983455,3,4,0.09962406015035097,4.1,1
1499.0,6990.0,79.0,0.21444921316165644,5491.0,5491.0,1,0,0.7855507868383292,5,4,0.003067504121894671,3.9,0
1999.0,7990.0,75.0,0.2501877346683323,5991.0,5991.0,1,0,0.7498122653316552,5,4,0.003130868910878892,3.8,0
999.0,2899.0,66.0,0.34460158675404123,1900.0,1900.0,1,0,0.6553984132459243,5,4,0.01188281333634625,4.7,2
2099.0,5999.0,65.0,0.3498916486080955,3900.0,3900.0,1,0,0.6501083513918878,5,4,0.005831527476801592,4.3,1
337.0,699.0,52.0,0.4821173104434217,362.0,362.0,1,0,0.5178826895564351,4,4,0.06887390149191738,4.2,1
2999.0,7990.0,62.0,0.3753441802252769,4991.0,4991.0,1,0,0.6246558197747106,5,4,0.004697086475100449,4.1,1
1299.0,5999.0,78.0,0.2165360893482211,4700.0,4700.0,1,0,0.7834639106517622,5,4,0.0036089348224703516,3.3,0
349.0,399.0,13.0,0.8746867167917608,50.0,50.0,0,0,0.12531328320798865,3,1,0.2186716791979402,4.4,1
16499.0,20990.0,21.0,0.7860409718913731,4491.0,4491.0,0,0,0.21395902810862216,5,2,0.0037446571001446957,4.0,1
499.0,499.0,0.0,0.9999999999997996,0.0,0.0,0,1,0.0,3,0,0.19999999999995993,4.2,1
970.0,1799.0,46.0,0.5391884380210928,829.0,829.0,0,0,0.46081156197885154,5,3,0.02995491322339405,4.5,2
999.0,2899.0,66.0,0.34460158675404123,1900.0,1900.0,1,0,0.6553984132459243,5,4,0.01188281333634625,4.6,2
10499.0,13499.0,22.0,0.7777613156530055,3000.0,3000.0,0,0,0.22223868434698701,5,2,0.005761194930763005,4.2,1
249.0,399.0,38.0,0.6240601503757834,150.0,150.0,0,0,0.3759398496239659,3,3,0.15601503759394586,4.0,1
251.0,999.0,75.0,0.2512512512512261,748.0,748.0,1,0,0.7487487487486738,4,4,0.025125125125122612,3.7,0
199.0,499.0,60.0,0.39879759519030084,300.0,300.0,1,0,0.6012024048094988,3,4,0.07975951903806017,4.1,1
6499.0,7999.0,19.0,0.812476559569936,1500.0,1500.0,0,0,0.18752344043005142,5,1,0.0101559569946242,4.1,1
2999.0,9999.0,70.0,0.2999299929992969,7000.0,7000.0,1,0,0.7000700070006931,5,4,0.002999299929992969,4.2,1
279.0,1499.0,81.0,0.18612408272180211,1220.0,1220.0,1,0,0.8138759172781311,5,4,0.012408272181453473,4.2,1
269.0,1499.0,82.0,0.17945296864575186,1230.0,1230.0,1,0,0.8205470313541814,5,4,0.011963531243050125,4.5,2
8999.0,13499.0,33.0,0.666641973479512,4500.0,4500.0,0,0,0.3333580265204805,5,3,0.00493808869244083,3.8,0
59.0,199.0,70.0,0.2964824120601525,140.0,140.0,1,0,0.703517587939345,2,4,0.14824120603007626,4.0,1
599.0,1299.0,54.0,0.461123941493421,700.0,700.0,1,0,0.538876058506502,5,4,0.035471072422570846,4.1,1
349.0,999.0,65.0,0.3493493493493144,650.0,650.0,1,0,0.6506506506505855,4,4,0.03493493493493144,3.8,0
13999.0,19499.0,28.0,0.7179342530386138,5500.0,5500.0,0,0,0.2820657469613812,5,2,0.0036817141181467376,4.1,1
349.0,999.0,65.0,0.3493493493493144,650.0,650.0,1,0,0.6506506506505855,4,4,0.03493493493493144,3.8,0
499.0,599.0,17.0,0.8330550918195604,100.0,100.0,0,0,0.1669449081802726,4,1,0.13884251530326006,4.2,1
2199.0,9999.0,78.0,0.2199219921992177,7800.0,7800.0,1,0,0.7800780078007723,5,4,0.002199219921992177,4.2,1
95.0,499.0,81.0,0.19038076152300795,404.0,404.0,1,0,0.8096192384767916,3,4,0.03807615230460159,4.2,1
139.0,249.0,44.0,0.5582329317266834,110.0,110.0,0,0,0.44176706827291495,3,3,0.22329317269067336,4.0,1
4499.0,7999.0,44.0,0.5624453056632008,3500.0,3500.0,0,0,0.4375546943367866,5,3,0.00703056632079001,3.5,0
89.0,599.0,85.0,0.14858096828044262,510.0,510.0,1,0,0.8514190317193904,4,4,0.024763494713407105,4.3,1
15499.0,20999.0,26.0,0.7380827658459892,5500.0,5500.0,0,0,0.2619172341540061,5,2,0.003514679837361853,4.1,1
13999.0,15999.0,13.0,0.8749921870116828,2000.0,2000.0,0,0,0.12500781298831098,5,1,0.0054687011688230175,3.9,0
1999.0,4999.0,60.0,0.39987997599519104,3000.0,3000.0,1,0,0.6001200240047889,5,4,0.00799759951990382,3.9,0
1399.0,5999.0,77.0,0.2332055342557054,4600.0,4600.0,1,0,0.7667944657442779,5,4,0.0038867589042617568,3.3,0
599.0,999.0,40.0,0.5995995995995396,400.0,400.0,0,0,0.4004004004003603,4,3,0.05995995995995396,4.0,1
199.0,1099.0,82.0,0.18107370336668052,900.0,900.0,1,0,0.8189262966332285,5,4,0.01646124576060732,4.0,1
1799.0,6990.0,74.0,0.2573676680972781,5191.0,5191.0,1,0,0.7426323319027075,5,4,0.003681414219672123,4.0,1
1499.0,6990.0,79.0,0.21444921316165644,5491.0,5491.0,1,0,0.7855507868383292,5,4,0.003067504121894671,3.9,0
20999.0,29990.0,30.0,0.700200066688894,8991.0,8991.0,0,0,0.2997999333111027,5,2,0.002334700632486059,4.3,1
12999.0,13499.0,4.0,0.9629602192754948,500.0,500.0,0,1,0.03703978072449784,5,0,0.007133038661299961,4.1,1
16999.0,20999.0,19.0,0.8095147387970818,4000.0,4000.0,0,0,0.19048526120291354,5,1,0.0038548320895099132,4.1,1
19999.0,27990.0,29.0,0.7145051804215766,7991.0,7991.0,0,0,0.2854948195784199,5,2,0.0025526247023027995,4.3,1
12999.0,18999.0,32.0,0.6841939049423619,6000.0,6000.0,0,0,0.31580609505763296,5,3,0.00360102055232822,4.1,1
2999.0,5999.0,50.0,0.4999166527754542,3000.0,3000.0,0,0,0.5000833472245291,5,3,0.008331944212924236,4.1,1
299.0,999.0,70.0,0.29929929929926935,700.0,700.0,1,0,0.7007007007006305,4,4,0.029929929929926935,4.3,1
970.0,1999.0,51.0,0.48524262131063106,1029.0,1029.0,1,0,0.5147573786893189,5,4,0.02426213106553155,4.4,1
329.0,999.0,67.0,0.32932932932929637,670.0,670.0,1,0,0.6706706706706035,4,4,0.03293293293292964,4.2,1
1299.0,5999.0,78.0,0.2165360893482211,4700.0,4700.0,1,0,0.7834639106517622,5,4,0.0036089348224703516,3.3,0
1989.0,3500.0,43.0,0.5682857142856981,1511.0,1511.0,0,0,0.4317142857142734,5,3,0.016232096951890835,4.4,1
1999.0,9999.0,80.0,0.1999199919991979,8000.0,8000.0,1,0,0.800080008000792,5,4,0.0019991999199919794,4.3,1
12999.0,18999.0,32.0,0.6841939049423619,6000.0,6000.0,0,0,0.31580609505763296,5,3,0.00360102055232822,4.1,1
1499.0,4999.0,70.0,0.2998599719943929,3500.0,3500.0,1,0,0.7001400280055871,5,4,0.005997199439887858,4.0,1
16999.0,20999.0,19.0,0.8095147387970818,4000.0,4000.0,0,0,0.19048526120291354,5,1,0.0038548320895099132,4.1,1
1999.0,8499.0,76.0,0.2352041416637224,6500.0,6500.0,1,0,0.7647958583362658,5,4,0.002767107548984969,4.3,1
4999.0,6999.0,29.0,0.7142448921274366,2000.0,2000.0,0,0,0.28575510787254915,5,2,0.01020349845896338,3.8,0
99.0,666.66,85.0,0.14850148501482788,567.66,567.66,1,0,0.851498514985022,4,4,0.02224208204996973,3.9,0
2499.0,5999.0,58.0,0.4165694282380327,3500.0,3500.0,1,0,0.5834305717619506,5,4,0.006942823803967211,3.7,0
1399.0,1630.0,14.0,0.8582822085889044,231.0,231.0,0,0,0.14171779141103424,5,1,0.05262306613052755,4.0,1
1499.0,9999.0,85.0,0.14991499149914841,8500.0,8500.0,1,0,0.8500850085008416,5,4,0.001499149914991484,4.2,1
899.0,1900.0,53.0,0.4731578947368172,1001.0,1001.0,1,0,0.5268421052631301,5,4,0.02488994711924341,4.4,1
249.0,599.0,58.0,0.4156928213688788,350.0,350.0,1,0,0.5843071786309542,4,4,0.06928213689481313,3.9,0
299.0,1199.0,75.0,0.2493744787322561,900.0,900.0,1,0,0.7506255212676605,5,4,0.020781206561021344,4.5,2
79.0,499.0,84.0,0.15831663326650133,420.0,420.0,1,0,0.8416833667332982,3,4,0.03166332665330027,4.2,1
13999.0,15999.0,13.0,0.8749921870116828,2000.0,2000.0,0,0,0.12500781298831098,5,1,0.0054687011688230175,3.9,0
949.0,999.0,5.0,0.9499499499498548,50.0,50.0,0,1,0.050050050050045036,4,0,0.09499499499498548,4.2,1
99.0,499.0,80.0,0.1983967935871346,400.0,400.0,1,0,0.801603206412665,3,4,0.03967935871742692,4.1,1
2499.0,7990.0,69.0,0.3127659574468046,5491.0,5491.0,1,0,0.6872340425531829,5,4,0.003913977692989671,4.1,1
689.0,1999.0,66.0,0.3446723361680668,1310.0,1310.0,1,0,0.6553276638318831,5,4,0.01723361680840334,4.3,1
499.0,1899.0,74.0,0.26276987888360914,1400.0,1400.0,1,0,0.7372301211163382,5,4,0.013829993625453112,4.1,1
299.0,999.0,70.0,0.29929929929926935,700.0,700.0,1,0,0.7007007007006305,4,4,0.029929929929926935,4.3,1
209.0,499.0,58.0,0.4188376753506175,290.0,290.0,1,0,0.5811623246491822,3,4,0.0837675350701235,3.6,0
8499.0,12999.0,35.0,0.6538195245788088,4500.0,4500.0,0,0,0.3461804754211836,5,3,0.005029380958298528,4.1,1
2179.0,3999.0,46.0,0.5448862215553752,1820.0,1820.0,0,0,0.45511377844459977,5,3,0.013622155538884382,4.0,1
16999.0,20999.0,19.0,0.8095147387970818,4000.0,4000.0,0,0,0.19048526120291354,5,1,0.0038548320895099132,4.1,1
44999.0,49999.0,10.0,0.8999979999599974,5000.0,5000.0,0,0,0.1000020000400006,5,0,0.0017999959999199947,4.3,1
2599.0,2999.0,13.0,0.8666222074024386,400.0,400.0,0,0,0.13337779259752805,5,1,0.02888740691341462,3.9,0
2799.0,6499.0,57.0,0.4306816433297364,3700.0,3700.0,1,0,0.5693183566702482,5,4,0.006625871435842098,4.1,1
1399.0,2990.0,53.0,0.4678929765886131,1591.0,1591.0,1,0,0.5321070234113534,5,4,0.0156433626408764,4.1,1
649.0,2400.0,73.0,0.27041666666665537,1751.0,1751.0,1,0,0.7295833333333029,5,4,0.011262668332638708,4.4,1
799.0,3990.0,80.0,0.20025062656641102,3191.0,3191.0,1,0,0.7997493734335639,5,4,0.00501755516327765,3.8,0
149.0,149.0,0.0,0.999999999999329,0.0,0.0,0,1,0.0,2,0,0.6666666666662193,4.3,1
799.0,2100.0,62.0,0.38047619047617237,1301.0,1301.0,1,0,0.6195238095237801,5,4,0.018109290360598402,4.3,1
3799.0,5299.0,28.0,0.7169277222117245,1500.0,1500.0,0,0,0.2830722777882566,5,2,0.013526938154938198,3.5,0
199.0,1899.0,90.0,0.10479199578725093,1700.0,1700.0,1,0,0.8952080042126964,5,4,0.005515368199328996,4.0,1
23999.0,32999.0,27.0,0.7272644625594693,9000.0,9000.0,0,0,0.27273553744052764,5,2,0.0022038317047256644,3.9,0
29990.0,39990.0,25.0,0.7499374843710909,10000.0,10000.0,0,0,0.2500625156289066,5,2,0.0018752656456980093,4.3,1
7998.0,11999.0,33.0,0.666555546295519,4001.0,4001.0,0,0,0.33344445370447257,5,3,0.005554629552462658,3.8,0
249.0,999.0,75.0,0.2492492492492243,750.0,750.0,1,0,0.7507507507506755,4,4,0.024924924924922428,4.5,2
299.0,599.0,50.0,0.4991652754590151,300.0,300.0,0,0,0.5008347245408179,4,3,0.08319421257650252,4.3,1
499.0,1899.0,74.0,0.26276987888360914,1400.0,1400.0,1,0,0.7372301211163382,5,4,0.013829993625453112,4.1,1
899.0,3499.0,74.0,0.2569305515861601,2600.0,2600.0,1,0,0.7430694484138113,5,4,0.007340872902461717,3.0,0
1599.0,3499.0,54.0,0.45698771077449396,1900.0,1900.0,1,0,0.5430122892254775,5,4,0.013056791736414112,4.0,1
120.0,999.0,88.0,0.12012012012010809,879.0,879.0,1,0,0.8798798798797918,4,4,0.012012012012010808,3.9,0
3999.0,6999.0,43.0,0.571367338191162,3000.0,3000.0,0,0,0.4286326618088237,5,3,0.008162390545588028,4.1,1
12999.0,18999.0,32.0,0.6841939049423619,6000.0,6000.0,0,0,0.31580609505763296,5,3,0.00360102055232822,4.1,1
1599.0,2599.0,38.0,0.6152366294728505,1000.0,1000.0,0,0,0.384763370527111,5,3,0.02366294728741733,4.3,1
699.0,1199.0,42.0,0.5829858215178829,500.0,500.0,0,0,0.4170141784820336,5,3,0.04858215179315691,4.0,1
99.0,999.0,90.0,0.09909909909908918,900.0,900.0,1,0,0.9009009009008107,4,4,0.009909909909908917,4.4,1
7915.0,9999.0,21.0,0.7915791579157837,2084.0,2084.0,0,0,0.20842084208420633,5,2,0.007915791579157838,4.3,1
1499.0,7999.0,81.0,0.18739842480309804,6500.0,6500.0,1,0,0.8126015751968895,5,4,0.0023424803100387257,4.2,1
1055.0,1249.0,16.0,0.8446757405924064,194.0,194.0,0,0,0.15532425940751357,5,1,0.0675740592473925,3.8,0
150.0,599.0,75.0,0.25041736227040895,449.0,449.0,1,0,0.749582637729424,4,4,0.04173622704506816,4.3,1
219.0,700.0,69.0,0.31285714285709815,481.0,481.0,1,0,0.6871428571427589,4,4,0.044630120236390604,4.3,1
474.0,1799.0,74.0,0.2634797109505134,1325.0,1325.0,1,0,0.736520289049431,5,4,0.014637761719472968,4.3,1
115.0,499.0,77.0,0.2304609218436412,384.0,384.0,1,0,0.7695390781561584,3,4,0.046092184368728244,4.0,1
239.0,599.0,60.0,0.39899833055085154,360.0,360.0,1,0,0.6010016694489815,4,4,0.06649972175847525,3.9,0
7499.0,9499.0,21.0,0.789451521212751,2000.0,2000.0,0,0,0.21054847878723854,5,2,0.0083100160127658,4.1,1
265.0,999.0,73.0,0.2652652652652387,734.0,734.0,1,0,0.7347347347346611,4,4,0.02652652652652387,3.7,0
37990.0,74999.0,49.0,0.506540087201162,37009.0,37009.0,0,0,0.49345991279883666,5,3,0.0006753867829348825,4.2,1
199.0,499.0,60.0,0.39879759519030084,300.0,300.0,1,0,0.6012024048094988,3,4,0.07975951903806017,4.1,1
179.0,399.0,55.0,0.44862155388459934,220.0,220.0,1,0,0.5513784461151501,3,4,0.11215538847114984,4.0,1
1799.0,3999.0,55.0,0.44986246561639287,2200.0,2200.0,1,0,0.5501375343835821,5,4,0.011246561640409821,4.6,2
8499.0,11999.0,29.0,0.70830902575214,3500.0,3500.0,0,0,0.29169097424785156,5,2,0.005902575214601168,3.9,0
1999.0,3999.0,50.0,0.499874968742173,2000.0,2000.0,0,0,0.5001250312578019,5,3,0.012496874218554326,4.0,1
3999.0,17999.0,78.0,0.22217900994499573,14000.0,14000.0,1,0,0.7778209900549988,5,4,0.001234327833027754,4.3,1
219.0,499.0,56.0,0.4388777555109341,280.0,280.0,1,0,0.5611222444888655,3,4,0.08777555110218682,4.4,1
599.0,1399.0,57.0,0.42816297355250693,800.0,800.0,1,0,0.5718370264474216,5,4,0.03058306953946478,4.1,1
2499.0,2999.0,17.0,0.8332777592530566,500.0,500.0,0,0,0.16672224074691008,5,1,0.027775925308435218,4.1,1
89.0,499.0,82.0,0.17835671342681797,410.0,410.0,1,0,0.8216432865729817,3,4,0.035671342685363594,4.1,1
2999.0,11999.0,75.0,0.2499374947912305,9000.0,9000.0,1,0,0.7500625052087612,5,4,0.0020828124565935874,4.4,1
314.0,1499.0,79.0,0.209472981987978,1185.0,1185.0,1,0,0.7905270180119552,5,4,0.0139648654658652,4.5,2
13999.0,19499.0,28.0,0.7179342530386138,5500.0,5500.0,0,0,0.2820657469613812,5,2,0.0036817141181467376,4.1,1
139.0,499.0,72.0,0.27855711422840107,360.0,360.0,1,0,0.7214428857713985,3,4,0.05571142284568021,4.2,1
2599.0,6999.0,63.0,0.3713387626803776,4400.0,4400.0,1,0,0.6286612373196081,5,4,0.005304839466862537,4.5,2
365.0,999.0,63.0,0.36536536536532876,634.0,634.0,1,0,0.634634634634571,4,4,0.036536536536532875,4.1,1
1499.0,4490.0,67.0,0.333853006681507,2991.0,2991.0,1,0,0.6661469933184707,5,4,0.00743382335073496,3.9,0
1998.0,9999.0,80.0,0.1998199819981978,8001.0,8001.0,1,0,0.8001800180017922,5,4,0.001998199819981978,4.3,1
1799.0,7990.0,77.0,0.22515644555694336,6191.0,6191.0,1,0,0.7748435544430441,5,4,0.002817625398034581,3.8,0
289.0,650.0,56.0,0.4446153846153162,361.0,361.0,1,0,0.5553846153845299,4,4,0.06829729410373521,4.3,1
599.0,895.0,33.0,0.669273743016685,296.0,296.0,0,0,0.33072625698320324,4,3,0.07469573024739787,4.4,1
217.0,237.0,8.0,0.9156118143456052,20.0,20.0,0,1,0.08438818565397284,3,0,0.3847108463636997,3.8,0
1299.0,2990.0,57.0,0.43444816053510255,1691.0,1691.0,1,0,0.565551839464864,5,4,0.014525180893851639,3.8,0
263.0,699.0,62.0,0.3762517882689018,436.0,436.0,1,0,0.6237482117309551,4,4,0.05375025546698598,3.5,0
569.0,1000.0,43.0,0.5689999999999431,431.0,431.0,0,0,0.43099999999995686,4,3,0.05684315684315116,4.4,1
1999.0,4999.0,60.0,0.39987997599519104,3000.0,3000.0,1,0,0.6001200240047889,5,4,0.00799759951990382,4.1,1
1399.0,3990.0,65.0,0.3506265664160313,2591.0,2591.0,1,0,0.6493734335839436,5,4,0.00878543138100805,4.1,1
349.0,1499.0,77.0,0.2328218812541539,1150.0,1150.0,1,0,0.7671781187457793,5,4,0.015521458750276928,4.3,1
149.0,399.0,63.0,0.3734335839598062,250.0,250.0,1,0,0.6265664160399432,3,4,0.09335839598995153,3.5,0
599.0,999.0,40.0,0.5995995995995396,400.0,400.0,0,0,0.4004004004003603,4,3,0.05995995995995396,4.1,1
1220.0,3990.0,69.0,0.30576441102756124,2770.0,2770.0,1,0,0.6942355889724137,5,4,0.007661348309385148,4.1,1
1499.0,6990.0,79.0,0.21444921316165644,5491.0,5491.0,1,0,0.7855507868383292,5,4,0.003067504121894671,3.9,0
499.0,999.0,50.0,0.4994994994994495,500.0,500.0,0,0,0.5005005005004504,4,3,0.04994994994994495,3.9,0
99.0,999.0,90.0,0.09909909909908918,900.0,900.0,1,0,0.9009009009008107,4,4,0.009909909909908917,4.1,1
349.0,1299.0,73.0,0.2686682063125274,950.0,950.0,1,0,0.7313317936873955,5,4,0.020666785100963647,4.0,1
475.0,1500.0,68.0,0.31666666666664556,1025.0,1025.0,1,0,0.6833333333332877,5,4,0.021097046413500704,4.2,1
269.0,649.0,59.0,0.4144838212634184,380.0,380.0,1,0,0.5855161787364275,4,4,0.0637667417328336,4.3,1
299.0,599.0,50.0,0.4991652754590151,300.0,300.0,0,0,0.5008347245408179,4,3,0.08319421257650252,4.1,1
1599.0,3999.0,60.0,0.39984996249061266,2400.0,2400.0,1,0,0.6001500375093624,5,4,0.009996249062265317,4.0,1
1499.0,7999.0,81.0,0.18739842480309804,6500.0,6500.0,1,0,0.8126015751968895,5,4,0.0023424803100387257,4.2,1
329.0,999.0,67.0,0.32932932932929637,670.0,670.0,1,0,0.6706706706706035,4,4,0.03293293293292964,3.9,0
549.0,1799.0,69.0,0.3051695386325567,1250.0,1250.0,1,0,0.6948304613673877,5,4,0.01695386325736426,4.3,1
2199.0,9999.0,78.0,0.2199219921992177,7800.0,7800.0,1,0,0.7800780078007723,5,4,0.002199219921992177,4.2,1
299.0,650.0,54.0,0.4599999999999292,351.0,351.0,1,0,0.5399999999999169,4,4,0.07066052227341461,4.5,2
798.0,1995.0,60.0,0.3999999999999799,1197.0,1197.0,1,0,0.5999999999999699,5,4,0.020040080160319638,4.0,1
399.0,1099.0,64.0,0.3630573248407313,700.0,700.0,1,0,0.6369426751591777,5,4,0.03300521134915739,4.2,1
266.0,315.0,16.0,0.8444444444441764,49.0,49.0,0,0,0.15555555555550618,3,1,0.2672292545709419,4.5,2
50.0,50.0,0.0,0.9999999999979999,0.0,0.0,0,1,0.0,0,0,1.9607843137215686,4.3,1
130.0,165.0,21.0,0.7878787878783104,35.0,35.0,0,0,0.2121212121210836,2,2,0.4746257758303075,3.9,0
449.0,1290.0,65.0,0.34806201550384896,841.0,841.0,1,0,0.6519379844960734,5,4,0.02696065185932215,4.1,1
3999.0,16999.0,76.0,0.23524913230189876,13000.0,13000.0,1,0,0.7647508676980954,5,4,0.0013838184253052866,4.3,1
399.0,1290.0,69.0,0.3093023255813714,891.0,891.0,1,0,0.6906976744185511,5,4,0.02395835209770499,4.2,1
1399.0,2498.0,44.0,0.5600480384307222,1099.0,1099.0,0,0,0.43995196156923777,5,3,0.022410885891585523,4.2,1
199.0,349.0,43.0,0.5702005730657392,150.0,150.0,0,0,0.42979942693397427,3,3,0.16291444944735406,4.0,1
199.0,999.0,80.0,0.19919919919917925,800.0,800.0,1,0,0.8008008008007206,4,4,0.019919919919917924,3.9,0
2998.0,5999.0,50.0,0.4997499583263794,3001.0,3001.0,0,0,0.5002500416736039,5,3,0.008329165972106324,4.1,1
4098.0,4999.0,18.0,0.8197639527905417,901.0,901.0,0,0,0.18023604720943828,5,1,0.016395279055810834,4.5,2
499.0,1999.0,75.0,0.2496248124061906,1500.0,1500.0,1,0,0.7503751875937593,5,4,0.012481240620309532,3.7,0
299.0,449.0,33.0,0.6659242761691168,150.0,150.0,0,0,0.3340757238306606,3,3,0.14798317248202594,3.5,0
329.0,699.0,53.0,0.4706723891272574,370.0,370.0,1,0,0.5293276108725995,4,4,0.06723891273246535,4.2,1
699.0,999.0,30.0,0.6996996996996296,300.0,300.0,0,0,0.3003003003002702,4,2,0.06996996996996296,3.5,0
799.0,3990.0,80.0,0.20025062656641102,3191.0,3191.0,1,0,0.7997493734335639,5,4,0.00501755516327765,4.3,1
1399.0,5499.0,75.0,0.25440989270776043,4100.0,4100.0,1,0,0.7455901072922214,5,4,0.004625634412868371,3.9,0
154.0,399.0,61.0,0.38596491228060503,245.0,245.0,1,0,0.6140350877191444,3,4,0.09649122807015126,4.2,1
519.0,1350.0,62.0,0.38444444444441594,831.0,831.0,1,0,0.6155555555555099,5,4,0.028456287523642928,4.3,1
2299.0,7990.0,71.0,0.28773466833541567,5691.0,5691.0,1,0,0.7122653316645718,5,4,0.003600734180145359,4.2,1
399.0,1999.0,80.0,0.19959979989993998,1600.0,1600.0,1,0,0.80040020010001,5,4,0.009979989994996998,4.0,1
1499.0,3990.0,62.0,0.3756892230576347,2491.0,2491.0,1,0,0.6243107769423403,5,4,0.009413410750629785,4.1,1
1295.0,1295.0,0.0,0.9999999999999227,0.0,0.0,0,1,0.0,5,0,0.07716049382715452,4.5,2
1889.0,5499.0,66.0,0.34351700309146493,3610.0,3610.0,1,0,0.6564829969085169,5,4,0.00624576369257209,4.2,1
455.0,1490.0,69.0,0.30536912751675804,1035.0,1035.0,1,0,0.6946308724831748,5,4,0.020480826795221868,4.1,1
399.0,995.0,60.0,0.40100502512558783,596.0,596.0,1,0,0.5989949748743116,4,4,0.04026154870738834,3.9,0
1059.0,3999.0,74.0,0.26481620405100614,2940.0,2940.0,1,0,0.7351837959489689,5,4,0.006620405101275153,4.3,1
149.0,1000.0,85.0,0.1489999999999851,851.0,851.0,1,0,0.8509999999999148,4,4,0.014885114885113395,3.9,0
717.0,761.0,6.0,0.9421813403415319,44.0,44.0,0,1,0.057818659658336685,4,0,0.12364584518917743,4.0,1
99.0,999.0,90.0,0.09909909909908918,900.0,900.0,1,0,0.9009009009008107,4,4,0.009909909909908917,4.0,1
39.0,299.0,87.0,0.13043478260865204,260.0,260.0,1,0,0.8695652173910136,3,4,0.04347826086955068,3.5,0
889.0,2500.0,64.0,0.35559999999998576,1611.0,1611.0,1,0,0.6443999999999742,5,4,0.014218312674929458,4.3,1
1199.0,4999.0,76.0,0.239847969593914,3800.0,3800.0,1,0,0.760152030406066,5,4,0.00479695939187828,3.8,0
569.0,1299.0,56.0,0.43802925327171377,730.0,730.0,1,0,0.5619707467282092,5,4,0.033694557943977986,4.4,1
1499.0,8999.0,83.0,0.16657406378486314,7500.0,7500.0,1,0,0.8334259362151257,5,4,0.001850822930942924,3.7,0
149.0,180.0,17.0,0.827777777777318,31.0,31.0,0,0,0.17222222222212655,2,1,0.4573357888272475,4.4,1
399.0,549.0,27.0,0.7267759562840206,150.0,150.0,0,0,0.2732240437157972,4,2,0.13214108296073102,4.4,1
191.0,225.0,15.0,0.8488888888885117,34.0,34.0,0,0,0.15111111111104397,3,1,0.37561455260553617,4.4,1
129.0,999.0,87.0,0.1291291291291162,870.0,870.0,1,0,0.8708708708707836,4,4,0.01291291291291162,4.2,1
199.0,599.0,67.0,0.3322203672787425,400.0,400.0,1,0,0.6677796327210904,4,4,0.055370061213123746,4.5,2
999.0,4499.0,78.0,0.2220493442987281,3500.0,3500.0,1,0,0.7779506557012497,5,4,0.0049344298733050695,3.8,0
899.0,4499.0,80.0,0.19982218270726385,3600.0,3600.0,1,0,0.800177817292714,5,4,0.004440492949050308,3.8,0
1799.0,2499.0,28.0,0.719887955182044,700.0,700.0,0,0,0.28011204481791596,5,2,0.02879551820728176,4.1,1
176.63,499.0,65.0,0.3539679358716726,322.37,322.37,1,0,0.6460320641281271,3,4,0.07079358717433452,4.1,1
522.0,550.0,5.0,0.9490909090907365,28.0,28.0,0,1,0.05090909090908165,4,0,0.17224880382771984,4.4,1
799.0,1999.0,60.0,0.39969984992494245,1200.0,1200.0,1,0,0.6003001500750075,5,4,0.019984992496247123,3.8,0
681.0,1199.0,43.0,0.5679733110925298,518.0,518.0,0,0,0.4320266889073868,5,3,0.047331109257710814,4.2,1
1199.0,3490.0,66.0,0.3435530085959787,2291.0,2291.0,1,0,0.6564469914039927,5,4,0.009841105946604947,4.1,1
2499.0,4999.0,50.0,0.4998999799959892,2500.0,2500.0,0,0,0.5001000200039908,5,3,0.009997999599919784,4.4,1
1799.0,4999.0,64.0,0.3598719743948718,3200.0,3200.0,1,0,0.6401280256051082,5,4,0.007197439487897435,4.1,1
429.0,599.0,28.0,0.7161936560933695,170.0,170.0,0,0,0.2838063439064635,4,2,0.11936560934889492,4.1,1
100.0,499.0,80.0,0.20040080160316626,399.0,399.0,1,0,0.7995991983966334,3,4,0.04008016032063325,3.5,0
329.0,399.0,18.0,0.8245614035085653,70.0,70.0,0,0,0.1754385964911841,3,1,0.20614035087714133,3.6,0
229.0,299.0,23.0,0.765886287625162,70.0,70.0,0,0,0.23411371237450365,3,2,0.2552954292083873,4.3,1
139.0,299.0,54.0,0.46488294314365725,160.0,160.0,1,0,0.5351170568560083,3,4,0.15496098104788575,3.8,0
1199.0,2499.0,52.0,0.4797919167666875,1300.0,1300.0,1,0,0.5202080832332725,5,4,0.0191916766706675,4.0,1
1049.0,2299.0,54.0,0.4562853414527857,1250.0,1250.0,1,0,0.5437146585471708,5,4,0.019838493106642856,3.9,0
119.0,299.0,60.0,0.3979933110366562,180.0,180.0,1,0,0.6020066889630094,3,4,0.13266443701221875,4.1,1
154.0,339.0,55.0,0.45427728613555923,185.0,185.0,1,0,0.5457227138641458,3,4,0.1336109665104586,4.3,1
225.0,250.0,10.0,0.8999999999996401,25.0,25.0,0,0,0.09999999999996001,3,0,0.3585657370516494,4.4,1
656.0,1499.0,56.0,0.4376250833888967,843.0,843.0,1,0,0.5623749166110366,5,4,0.02917500555925978,4.3,1
1109.0,2800.0,60.0,0.3960714285714144,1691.0,1691.0,1,0,0.6039285714285498,5,4,0.014140358035395015,4.3,1
2999.0,7990.0,62.0,0.3753441802252769,4991.0,4991.0,1,0,0.6246558197747106,5,4,0.004697086475100449,4.1,1
169.0,299.0,43.0,0.5652173913041588,130.0,130.0,0,0,0.4347826086955068,3,3,0.18840579710138627,4.4,1
309.0,404.0,24.0,0.7648514851483256,95.0,95.0,0,0,0.23514851485142696,3,2,0.18885221855514212,4.4,1
599.0,1399.0,57.0,0.42816297355250693,800.0,800.0,1,0,0.5718370264474216,5,4,0.03058306953946478,3.8,0
299.0,599.0,50.0,0.4991652754590151,300.0,300.0,0,0,0.5008347245408179,4,3,0.08319421257650252,3.8,0
449.0,999.0,55.0,0.44944944944940446,550.0,550.0,1,0,0.5505505505504954,4,4,0.044944944944940446,4.0,1
799.0,1295.0,38.0,0.6169884169883694,496.0,496.0,0,0,0.3830115830115534,5,3,0.047607130940460596,4.4,1
219.0,700.0,69.0,0.31285714285709815,481.0,481.0,1,0,0.6871428571427589,4,4,0.044630120236390604,4.4,1
157.0,160.0,2.0,0.9812499999993868,3.0,3.0,0,1,0.018749999999988283,2,0,0.6094720496890601,4.5,2
369.0,1600.0,77.0,0.2306249999999856,1231.0,1231.0,1,0,0.7693749999999518,5,4,0.014405059337912902,4.0,1
599.0,899.0,33.0,0.6662958843158324,300.0,300.0,0,0,0.3337041156840563,4,3,0.0740328760350925,4.0,1
479.0,599.0,20.0,0.7996661101835059,120.0,120.0,0,0,0.20033388981632713,4,1,0.13327768503058432,4.3,1
350.0,899.0,61.0,0.3893214682980657,549.0,549.0,1,0,0.6106785317018231,4,4,0.0432579409220073,4.2,1
1598.0,2990.0,47.0,0.5344481605350991,1392.0,1392.0,0,0,0.4655518394648674,5,3,0.01786854431745567,3.8,0
599.0,899.0,33.0,0.6662958843158324,300.0,300.0,0,0,0.3337041156840563,4,3,0.0740328760350925,4.3,1
159.0,399.0,60.0,0.3984962406014039,240.0,240.0,1,0,0.6015037593983455,3,4,0.09962406015035097,4.1,1
1299.0,3000.0,57.0,0.43299999999998556,1701.0,1701.0,1,0,0.5669999999999811,5,4,0.014428523825391055,4.3,1
1599.0,4999.0,68.0,0.31986397279455253,3400.0,3400.0,1,0,0.6801360272054274,5,4,0.006397279455891051,4.0,1
294.0,4999.0,94.0,0.058811762352469314,4705.0,4705.0,1,0,0.9411882376475107,5,4,0.0011762352470493862,4.3,1
828.0,861.0,4.0,0.9616724738674841,33.0,33.0,0,1,0.03832752613239973,4,0,0.11156293200318841,4.2,1
745.0,795.0,6.0,0.9371069182388758,50.0,50.0,0,1,0.06289308176099838,4,0,0.11772699977875326,4.0,1
1549.0,2495.0,38.0,0.6208416833667085,946.0,946.0,0,0,0.37915831663325134,5,3,0.0248734648784739,4.4,1
349.0,399.0,13.0,0.8746867167917608,50.0,50.0,0,0,0.12531328320798865,3,1,0.2186716791979402,4.4,1
970.0,1799.0,46.0,0.5391884380210928,829.0,829.0,0,0,0.46081156197885154,5,3,0.02995491322339405,4.5,2
1469.0,2499.0,41.0,0.5878351340535979,1030.0,1030.0,0,0,0.41216486594636204,5,3,0.023513405362143917,4.2,1
198.0,800.0,75.0,0.24749999999996905,602.0,602.0,1,0,0.7524999999999059,4,4,0.03089887640449052,4.1,1
549.0,549.0,0.0,0.9999999999998178,0.0,0.0,0,1,0.0,4,0,0.18181818181814868,4.5,2
2999.0,9999.0,70.0,0.2999299929992969,7000.0,7000.0,1,0,0.7000700070006931,5,4,0.002999299929992969,4.2,1
12000.0,29999.0,60.0,0.4000133337777913,17999.0,17999.0,1,0,0.5999866662222054,5,4,0.0013333777792593044,4.3,1
1299.0,3499.0,63.0,0.371248928265208,2200.0,2200.0,1,0,0.6287510717347634,5,4,0.0106071122361488,3.9,0
269.0,315.0,15.0,0.8539682539679829,46.0,46.0,0,0,0.1460317460316997,3,1,0.27024311834429837,4.5,2
799.0,1499.0,47.0,0.5330220146764154,700.0,700.0,0,0,0.46697798532351786,5,3,0.03553480097842769,4.1,1
6299.0,13750.0,54.0,0.4581090909090876,7451.0,7451.0,1,0,0.5418909090909051,5,4,0.0033314601913249043,4.2,1
59.0,59.0,0.0,0.999999999998305,0.0,0.0,0,1,0.0,1,0,1.666666666663842,3.8,0
571.0,999.0,43.0,0.5715715715715143,428.0,428.0,0,0,0.4284284284283855,4,3,0.05715715715715143,4.3,1
549.0,999.0,45.0,0.5495495495494945,450.0,450.0,0,0,0.4504504504504053,4,3,0.05495495495494945,3.9,0
2099.0,5999.0,65.0,0.3498916486080955,3900.0,3900.0,1,0,0.6501083513918878,5,4,0.005831527476801592,4.3,1
13490.0,21990.0,39.0,0.613460663938151,8500.0,8500.0,0,0,0.38653933606184454,5,3,0.0027895987628491245,4.3,1
448.0,699.0,36.0,0.6409155937052016,251.0,251.0,0,0,0.3590844062946553,4,3,0.09155937052931451,3.9,0
1499.0,2999.0,50.0,0.4998332777592364,1500.0,1500.0,0,0,0.5001667222407302,5,3,0.016661109258641213,3.7,0
299.0,499.0,40.0,0.5991983967934671,200.0,200.0,0,0,0.4008016032063325,3,3,0.11983967935869341,4.2,1
579.0,1400.0,59.0,0.413571428571399,821.0,821.0,1,0,0.5864285714285296,5,4,0.029519730804525267,4.3,1
2499.0,3299.0,24.0,0.7575022734161637,800.0,800.0,0,0,0.24249772658380592,5,2,0.022954614345944355,4.2,1
1199.0,5999.0,80.0,0.1998666444407368,4800.0,4800.0,1,0,0.8001333555592466,5,4,0.0033311107406789465,3.9,0
399.0,499.0,20.0,0.7995991983966334,100.0,100.0,0,0,0.20040080160316626,3,1,0.1599198396793267,4.3,1
279.0,499.0,44.0,0.5591182364728339,220.0,220.0,0,0,0.4408817635269658,3,3,0.11182364729456677,3.7,0
13490.0,22900.0,41.0,0.5890829694323119,9410.0,9410.0,0,0,0.4109170305676838,5,3,0.002572302386063106,4.3,1
279.0,375.0,26.0,0.7439999999998016,96.0,96.0,0,0,0.2559999999999317,3,2,0.19787234042547913,4.3,1
2499.0,4999.0,50.0,0.4998999799959892,2500.0,2500.0,0,0,0.5001000200039908,5,3,0.009997999599919784,3.9,0
137.0,160.0,14.0,0.8562499999994649,23.0,23.0,0,0,0.14374999999991017,2,1,0.5318322981363136,4.4,1
59.0,199.0,70.0,0.2964824120601525,140.0,140.0,1,0,0.703517587939345,2,4,0.14824120603007626,4.0,1
299.0,499.0,40.0,0.5991983967934671,200.0,200.0,0,0,0.4008016032063325,3,3,0.11983967935869341,4.5,2
1799.0,3999.0,55.0,0.44986246561639287,2200.0,2200.0,1,0,0.5501375343835821,5,4,0.011246561640409821,3.9,0
1999.0,2999.0,33.0,0.6665555185061465,1000.0,1000.0,0,0,0.33344448149382017,5,3,0.022218517283538214,4.3,1
199.0,699.0,72.0,0.2846924177395873,500.0,500.0,1,0,0.7153075822602696,4,4,0.040670345391369614,4.2,1
399.0,1499.0,73.0,0.2661774516344052,1100.0,1100.0,1,0,0.7338225483655281,5,4,0.017745163442293682,4.1,1
1699.0,3999.0,58.0,0.42485621405350277,2300.0,2300.0,1,0,0.5751437859464722,5,4,0.01062140535133757,4.2,1
699.0,995.0,30.0,0.7025125628139998,296.0,296.0,0,0,0.29748743718589976,4,2,0.07053338984076303,4.5,2
95.0,499.0,81.0,0.19038076152300795,404.0,404.0,1,0,0.8096192384767916,3,4,0.03807615230460159,4.2,1
1149.0,1699.0,32.0,0.6762801648027854,550.0,550.0,0,0,0.32371983519715575,5,3,0.03978118616486973,4.2,1
1495.0,1995.0,25.0,0.7493734335839223,500.0,500.0,0,0,0.25062656641602754,5,2,0.037543759197591293,4.3,1
849.0,4999.0,83.0,0.16983396679335527,4150.0,4150.0,1,0,0.8301660332066247,5,4,0.0033966793358671055,4.0,1
440.0,440.0,0.0,0.9999999999997727,0.0,0.0,0,1,0.0,3,0,0.22675736961446094,4.5,2
349.0,999.0,65.0,0.3493493493493144,650.0,650.0,1,0,0.6506506506505855,4,4,0.03493493493493144,3.8,0
599.0,3999.0,85.0,0.1497874468617117,3400.0,3400.0,1,0,0.8502125531382633,5,4,0.0037446861715427922,3.9,0
149.0,399.0,63.0,0.3734335839598062,250.0,250.0,1,0,0.6265664160399432,3,4,0.09335839598995153,4.0,1
289.0,999.0,71.0,0.28928928928926034,710.0,710.0,1,0,0.7107107107106395,4,4,0.028928928928926033,4.1,1
179.0,499.0,64.0,0.3587174348696676,320.0,320.0,1,0,0.641282565130132,3,4,0.07174348697393353,3.4,0
1499.0,4999.0,70.0,0.2998599719943929,3500.0,3500.0,1,0,0.7001400280055871,5,4,0.005997199439887858,4.0,1
399.0,699.0,43.0,0.5708154506436951,300.0,300.0,0,0,0.42918454935616174,4,3,0.08154506437767073,3.4,0
599.0,799.0,25.0,0.7496871088860138,200.0,200.0,0,0,0.250312891113861,4,2,0.09371088861075172,4.3,1
949.0,2000.0,53.0,0.4744999999999763,1051.0,1051.0,1,0,0.5254999999999738,5,4,0.023713143428284674,3.9,0
2499.0,9999.0,75.0,0.24992499249924743,7500.0,7500.0,1,0,0.7500750075007425,5,4,0.0024992499249924744,4.1,1
159.0,180.0,12.0,0.8833333333328427,21.0,21.0,0,0,0.11666666666660186,2,1,0.4880294659297474,4.3,1
1329.0,2900.0,54.0,0.4582758620689497,1571.0,1571.0,1,0,0.5417241379310158,5,4,0.015797168633883134,4.5,2
570.0,999.0,43.0,0.5705705705705134,429.0,429.0,0,0,0.42942942942938644,4,3,0.05705705705705134,4.2,1
899.0,1999.0,55.0,0.4497248624311931,1100.0,1100.0,1,0,0.5502751375687569,5,4,0.022486243121559654,4.1,1
449.0,999.0,55.0,0.44944944944940446,550.0,550.0,1,0,0.5505505505504954,4,4,0.044944944944940446,4.4,1
549.0,999.0,45.0,0.5495495495494945,450.0,450.0,0,0,0.4504504504504053,4,3,0.05495495495494945,4.3,1
1529.0,2399.0,36.0,0.6373488953730455,870.0,870.0,0,0,0.36265110462691275,5,3,0.026556203973876896,4.3,1
100.0,100.0,0.0,0.999999999999,0.0,0.0,0,1,0.0,1,0,0.9900990099,4.3,1
299.0,1499.0,80.0,0.19946631087390262,1200.0,1200.0,1,0,0.8005336891260306,5,4,0.013297754058260175,4.2,1
1295.0,1795.0,28.0,0.7214484679665336,500.0,500.0,0,0,0.27855153203341065,5,2,0.04016973652374908,4.1,1
699.0,999.0,30.0,0.6996996996996296,300.0,300.0,0,0,0.3003003003002702,4,2,0.06996996996996296,4.1,1
252.0,315.0,20.0,0.799999999999746,63.0,63.0,0,0,0.1999999999999365,3,1,0.25316455696194495,4.5,2
190.0,220.0,14.0,0.8636363636359711,30.0,30.0,0,0,0.13636363636357438,3,1,0.39078568490315435,4.4,1
1299.0,1599.0,19.0,0.8123827392119567,300.0,300.0,0,0,0.18761726078798074,5,1,0.05077392120074729,4.3,1
729.0,1650.0,56.0,0.441818181818155,921.0,921.0,1,0,0.5581818181817844,5,4,0.026760640933867656,4.3,1
480.0,600.0,20.0,0.7999999999998666,120.0,120.0,0,0,0.19999999999996665,4,1,0.13311148086520241,4.3,1
1799.0,6990.0,74.0,0.2573676680972781,5191.0,5191.0,1,0,0.7426323319027075,5,4,0.003681414219672123,4.0,1
999.0,2499.0,60.0,0.39975990396156863,1500.0,1500.0,1,0,0.6002400960383913,5,4,0.015990396158462743,4.3,1
299.0,399.0,25.0,0.7493734335837721,100.0,100.0,0,0,0.2506265664159773,3,2,0.18734335839594302,4.0,1
238.0,699.0,66.0,0.34048640915588835,461.0,461.0,1,0,0.6595135908439685,4,4,0.04864091559369833,4.4,1
1349.0,2198.0,39.0,0.6137397634212641,849.0,849.0,0,0,0.38626023657869035,5,3,0.027909948313836478,4.0,1
299.0,999.0,70.0,0.29929929929926935,700.0,700.0,1,0,0.7007007007006305,4,4,0.029929929929926935,4.3,1
199.0,499.0,60.0,0.39879759519030084,300.0,300.0,1,0,0.6012024048094988,3,4,0.07975951903806017,3.3,0
1999.0,9999.0,80.0,0.1999199919991979,8000.0,8000.0,1,0,0.800080008000792,5,4,0.0019991999199919794,3.7,0
99.0,499.0,80.0,0.1983967935871346,400.0,400.0,1,0,0.801603206412665,3,4,0.03967935871742692,4.1,1
499.0,1000.0,50.0,0.4989999999999501,501.0,501.0,0,0,0.5009999999999499,4,3,0.04985014985014487,5.0,2
1792.0,3500.0,49.0,0.5119999999999854,1708.0,1708.0,0,0,0.48799999999998606,5,3,0.01462439303056228,4.5,2
3299.0,4100.0,20.0,0.8046341463414438,801.0,801.0,0,0,0.19536585365853182,5,1,0.019620437608911093,3.9,0
125.0,180.0,31.0,0.6944444444440587,55.0,55.0,0,0,0.3055555555553858,2,3,0.38367096378124793,4.4,1
399.0,1190.0,66.0,0.33529411764703065,791.0,791.0,1,0,0.6647058823528853,5,4,0.02815231886205127,4.1,1
1199.0,7999.0,85.0,0.14989373671708775,6800.0,6800.0,1,0,0.8501062632828997,5,4,0.0018736717089635967,3.6,0
235.0,1599.0,85.0,0.14696685428391826,1364.0,1364.0,1,0,0.8530331457160192,5,4,0.009185428392744891,3.8,0
549.0,1999.0,73.0,0.2746373186593159,1450.0,1450.0,1,0,0.7253626813406341,5,4,0.013731865932965794,3.6,0
89.0,99.0,10.0,0.898989898988991,10.0,10.0,0,0,0.10101010100999898,1,0,0.8989898989889908,4.2,1
970.0,1999.0,51.0,0.48524262131063106,1029.0,1029.0,1,0,0.5147573786893189,5,4,0.02426213106553155,4.4,1
1299.0,2999.0,57.0,0.4331443814604724,1700.0,1700.0,1,0,0.5668556185394943,5,4,0.014438146048682413,3.8,0
230.0,999.0,77.0,0.23023023023020717,769.0,769.0,1,0,0.7697697697696927,4,4,0.023023023023020717,4.2,1
119.0,499.0,76.0,0.23847695390776785,380.0,380.0,1,0,0.7615230460920318,3,4,0.04769539078155357,4.3,1
449.0,800.0,44.0,0.5612499999999299,351.0,351.0,0,0,0.43874999999994513,4,3,0.07006866416977901,4.4,1
1699.0,3495.0,51.0,0.4861230329041349,1796.0,1796.0,1,0,0.5138769670958365,5,4,0.01390512107849356,4.1,1
561.0,720.0,22.0,0.7791666666665584,159.0,159.0,0,0,0.22083333333330266,4,2,0.10806749884418286,4.4,1
289.0,590.0,51.0,0.4898305084744932,301.0,301.0,1,0,0.5101694915253372,4,4,0.08288164271988041,4.4,1
599.0,1999.0,70.0,0.29964982491244124,1400.0,1400.0,1,0,0.7003501750875087,5,4,0.014982491245622063,4.4,1
5599.0,7350.0,24.0,0.7617687074829829,1751.0,1751.0,0,0,0.23823129251700356,5,2,0.010362790198380939,4.4,1
1990.0,2595.0,23.0,0.7668593448939974,605.0,605.0,0,0,0.23314065510596405,5,2,0.02954003639807386,4.3,1
499.0,799.0,38.0,0.6245306633290832,300.0,300.0,0,0,0.3754693366707915,4,3,0.0780663329161354,4.3,1
449.0,999.0,55.0,0.44944944944940446,550.0,550.0,1,0,0.5505505505504954,4,4,0.044944944944940446,4.3,1
999.0,1999.0,50.0,0.4997498749374437,1000.0,1000.0,0,0,0.5002501250625062,5,3,0.024987493746872185,4.2,1
69.0,299.0,77.0,0.2307692307691536,230.0,230.0,1,0,0.769230769230512,3,4,0.0769230769230512,4.3,1
899.0,1499.0,40.0,0.599733155436918,600.0,600.0,0,0,0.4002668445630153,5,3,0.0399822103624612,4.2,1
478.0,699.0,32.0,0.6838340486408178,221.0,221.0,0,0,0.31616595135903913,4,3,0.0976905783772597,3.8,0
1399.0,2490.0,44.0,0.5618473895582103,1091.0,1091.0,0,0,0.43815261044174947,5,3,0.022555093920442006,4.3,1
199.0,750.0,73.0,0.26533333333329795,551.0,551.0,1,0,0.7346666666665687,4,4,0.03533067021748308,4.5,2
149.0,499.0,70.0,0.29859719438871773,350.0,350.0,1,0,0.7014028056110819,3,4,0.05971943887774355,4.1,1
1799.0,4990.0,64.0,0.36052104208416114,3191.0,3191.0,1,0,0.6394789579158189,5,4,0.007223423003088782,4.2,1
425.0,999.0,57.0,0.4254254254253828,574.0,574.0,1,0,0.574574574574517,4,4,0.04254254254253828,4.0,1
999.0,2490.0,60.0,0.40120481927709234,1491.0,1491.0,1,0,0.5987951807228675,5,4,0.01610617500108761,4.1,1
378.0,999.0,62.0,0.3783783783783405,621.0,621.0,1,0,0.6216216216215593,4,4,0.03783783783783405,4.1,1
99.0,99.0,0.0,0.9999999999989899,0.0,0.0,0,1,0.0,1,0,0.9999999999989899,4.3,1
1499.0,2999.0,50.0,0.4998332777592364,1500.0,1500.0,0,0,0.5001667222407302,5,3,0.016661109258641213,4.5,2
1815.0,3100.0,41.0,0.585483870967723,1285.0,1285.0,0,0,0.41451612903224466,5,3,0.018880486003473817,4.5,2
67.0,75.0,11.0,0.8933333333321422,8.0,8.0,0,0,0.10666666666652444,1,1,1.1754385964896608,4.1,1
1889.0,2699.0,30.0,0.6998888477213523,810.0,810.0,0,0,0.30011115227861057,5,2,0.0259218091748649,4.3,1
499.0,1499.0,67.0,0.33288859239490776,1000.0,1000.0,1,0,0.6671114076050255,5,4,0.022192572826327184,3.6,0
499.0,999.0,50.0,0.4994994994994495,500.0,500.0,0,0,0.5005005005004504,4,3,0.04994994994994495,4.4,1
5799.0,7999.0,28.0,0.7249656207025788,2200.0,2200.0,0,0,0.27503437929740876,5,2,0.009062070258782235,4.5,2
499.0,799.0,38.0,0.6245306633290832,300.0,300.0,0,0,0.3754693366707915,4,3,0.0780663329161354,3.9,0
249.0,600.0,59.0,0.4149999999999308,351.0,351.0,1,0,0.5849999999999025,4,4,0.06905158069882376,4.0,1
179.0,499.0,64.0,0.3587174348696676,320.0,320.0,1,0,0.641282565130132,3,4,0.07174348697393353,4.0,1
4449.0,5734.0,22.0,0.7758981513777332,1285.0,1285.0,0,0,0.22410184862224933,5,2,0.01352917439193955,4.4,1
299.0,550.0,46.0,0.5436363636362648,251.0,251.0,0,0,0.45636363636355337,4,3,0.09866358686683571,4.6,2
629.0,1390.0,55.0,0.4525179856114782,761.0,761.0,1,0,0.5474820143884498,5,4,0.032531846557259395,4.4,1
2595.0,3295.0,21.0,0.787556904400583,700.0,700.0,0,0,0.21244309559938657,5,2,0.023894323555842933,4.4,1
389.0,1099.0,65.0,0.3539581437670287,710.0,710.0,1,0,0.6460418562328802,5,4,0.03217801306972989,4.3,1
1799.0,2911.0,38.0,0.6180006870491028,1112.0,1112.0,0,0,0.38199931295086287,5,3,0.021222551066246664,4.3,1
90.0,175.0,49.0,0.5142857142854205,85.0,85.0,0,0,0.4857142857140082,2,3,0.29220779220762527,4.4,1
599.0,599.0,0.0,0.999999999999833,0.0,0.0,0,1,0.0,4,0,0.16666666666663885,4.0,1
1999.0,7999.0,75.0,0.24990623827978184,6000.0,6000.0,1,0,0.7500937617202057,5,4,0.003123827978497273,4.2,1
2099.0,3250.0,35.0,0.645846153846134,1151.0,1151.0,0,0,0.35415384615383527,5,3,0.019866076710124084,3.8,0
179.0,499.0,64.0,0.3587174348696676,320.0,320.0,1,0,0.641282565130132,3,4,0.07174348697393353,4.1,1
1345.0,2295.0,41.0,0.5860566448801487,950.0,950.0,0,0,0.4139433551198077,5,3,0.02552511519512843,4.2,1
349.0,995.0,65.0,0.35075376884418585,646.0,646.0,1,0,0.6492462311557136,4,4,0.03521624185182589,4.2,1
287.0,499.0,42.0,0.5751503006010872,212.0,212.0,0,0,0.4248496993987125,3,3,0.11503006012021744,4.4,1
599.0,599.0,0.0,0.999999999999833,0.0,0.0,0,1,0.0,4,0,0.16666666666663885,4.3,1
349.0,450.0,22.0,0.7755555555553832,101.0,101.0,0,0,0.22444444444439457,3,2,0.17196353781715815,4.1,1
879.0,1109.0,21.0,0.7926059513074127,230.0,230.0,0,0,0.20739404869249706,5,2,0.07140594155922637,4.4,1
199.0,999.0,80.0,0.19919919919917925,800.0,800.0,1,0,0.8008008008007206,4,4,0.019919919919917924,3.9,0
250.0,250.0,0.0,0.9999999999996001,0.0,0.0,0,1,0.0,3,0,0.3984063745018327,3.9,0
199.0,499.0,60.0,0.39879759519030084,300.0,300.0,1,0,0.6012024048094988,3,4,0.07975951903806017,3.6,0
899.0,1900.0,53.0,0.4731578947368172,1001.0,1001.0,1,0,0.5268421052631301,5,4,0.02488994711924341,4.4,1
199.0,999.0,80.0,0.19919919919917925,800.0,800.0,1,0,0.8008008008007206,4,4,0.019919919919917924,4.0,1
149.0,999.0,85.0,0.1491491491491342,850.0,850.0,1,0,0.8508508508507656,4,4,0.01491491491491342,3.5,0
469.0,1499.0,69.0,0.312875250166757,1030.0,1030.0,1,0,0.6871247498331763,5,4,0.020858350011117133,4.1,1
1187.0,1929.0,38.0,0.6153447382062927,742.0,742.0,0,0,0.38465526179365556,5,3,0.031883147057320864,4.1,1
849.0,1499.0,43.0,0.5663775850566667,650.0,650.0,0,0,0.4336224149432666,5,3,0.03775850567044445,4.0,1
328.0,399.0,18.0,0.8220551378444055,71.0,71.0,0,0,0.17794486215534389,3,1,0.20551378446110138,4.1,1
269.0,699.0,62.0,0.384835479256025,430.0,430.0,1,0,0.6151645207438319,4,4,0.054976497036575,4.0,1
299.0,400.0,25.0,0.7474999999998132,101.0,101.0,0,0,0.2524999999999369,3,2,0.18640897755606317,3.8,0
549.0,1499.0,63.0,0.36624416277515903,950.0,950.0,1,0,0.6337558372247742,5,4,0.024416277518343937,4.3,1
114.0,120.0,5.0,0.9499999999992084,6.0,6.0,0,1,0.049999999999958335,2,0,0.7851239669414944,4.2,1
120.0,120.0,0.0,0.9999999999991667,0.0,0.0,0,1,0.0,2,0,0.8264462809910469,4.1,1
970.0,1999.0,51.0,0.48524262131063106,1029.0,1029.0,1,0,0.5147573786893189,5,4,0.02426213106553155,4.2,1
209.0,695.0,70.0,0.30071942446038835,486.0,486.0,1,0,0.6992805755394677,4,4,0.0432068138592512,4.5,2
1490.0,2295.0,35.0,0.6492374727668563,805.0,805.0,0,0,0.3507625272331002,5,3,0.028276893413190608,4.6,2
99.0,99.0,0.0,0.9999999999989899,0.0,0.0,0,1,0.0,1,0,0.9999999999989899,4.3,1
149.0,249.0,40.0,0.5983935742969485,100.0,100.0,0,0,0.40160642570265,3,3,0.2393574297187794,4.0,1
575.0,2799.0,79.0,0.2054305108967415,2224.0,2224.0,1,0,0.7945694891032228,5,4,0.007336803960597911,4.2,1
333.0,999.0,67.0,0.33333333333329995,666.0,666.0,1,0,0.6666666666665999,4,4,0.033333333333329995,3.3,0
178.0,210.0,15.0,0.847619047618644,32.0,32.0,0,0,0.1523809523808798,3,1,0.401715188444855,4.3,1
1599.0,3490.0,54.0,0.45816618911173473,1891.0,1891.0,1,0,0.5418338108882366,5,4,0.013124210515947714,3.7,0
499.0,1299.0,62.0,0.38414164742106355,800.0,800.0,1,0,0.6158583525788595,5,4,0.029549357493927966,3.9,0
199.0,499.0,60.0,0.39879759519030084,300.0,300.0,1,0,0.6012024048094988,3,4,0.07975951903806017,4.3,1
2499.0,5999.0,58.0,0.4165694282380327,3500.0,3500.0,1,0,0.5834305717619506,5,4,0.006942823803967211,4.1,1
199.0,999.0,80.0,0.19919919919917925,800.0,800.0,1,0,0.8008008008007206,4,4,0.019919919919917924,4.2,1
939.0,1800.0,48.0,0.5216666666666376,861.0,861.0,0,0,0.47833333333330674,5,3,0.028965389598369664,4.5,2
2499.0,9999.0,75.0,0.24992499249924743,7500.0,7500.0,1,0,0.7500750075007425,5,4,0.0024992499249924744,4.0,1
1439.0,2890.0,50.0,0.4979238754325087,1451.0,1451.0,0,0,0.5020761245674566,5,3,0.01722324024325523,4.5,2
1099.0,5999.0,82.0,0.18319719953325247,4900.0,4900.0,1,0,0.8168028004667308,5,4,0.0030532866588875414,3.5,0
157.0,160.0,2.0,0.9812499999993868,3.0,3.0,0,1,0.018749999999988283,2,0,0.6094720496890601,4.5,2
999.0,1599.0,38.0,0.6247654784239759,600.0,600.0,0,0,0.3752345215759615,5,3,0.03904784240149849,4.3,1
115.0,999.0,88.0,0.11511511511510358,884.0,884.0,1,0,0.8848848848847962,4,4,0.011511511511510359,3.3,0
175.0,499.0,65.0,0.35070140280554096,324.0,324.0,1,0,0.6492985971942586,3,4,0.0701402805611082,4.1,1
1999.0,4700.0,57.0,0.4253191489361612,2701.0,2701.0,1,0,0.5746808510638175,5,4,0.009047418611703066,3.8,0
3999.0,4332.96,8.0,0.9229256674420968,333.96000000000004,333.96000000000004,0,1,0.07707433255788014,5,0,0.021295205019014867,3.5,0
899.0,1800.0,50.0,0.49944444444441666,901.0,901.0,0,0,0.5005555555555278,5,3,0.027731507187363502,4.1,1
299.0,990.0,70.0,0.3020202020201715,691.0,691.0,1,0,0.6979797979797274,4,4,0.030476306964699443,4.5,2
3303.0,4699.0,30.0,0.702915513939121,1396.0,1396.0,0,0,0.2970844860608577,5,2,0.014955649232747255,4.4,1
1890.0,5490.0,66.0,0.34426229508196093,3600.0,3600.0,1,0,0.6557377049180209,5,4,0.006269573758549644,4.1,1
90.0,100.0,10.0,0.8999999999991,10.0,10.0,0,0,0.0999999999999,1,0,0.89108910891,4.3,1
1599.0,2790.0,43.0,0.5731182795698719,1191.0,1191.0,0,0,0.4268817204300922,5,3,0.020534513778927694,3.6,0
599.0,999.0,40.0,0.5995995995995396,400.0,400.0,0,0,0.4004004004003603,4,3,0.05995995995995396,4.0,1
507.0,1208.0,58.0,0.41970198675493214,701.0,701.0,1,0,0.5802980132449851,5,4,0.03471480452894393,4.1,1
425.0,899.0,53.0,0.47274749721907977,474.0,474.0,1,0,0.5272525027808089,4,4,0.052527499691008867,4.5,2
1499.0,3999.0,63.0,0.37484371092772256,2500.0,2500.0,1,0,0.6251562890722524,5,4,0.009371092773193064,4.2,1
549.0,2499.0,78.0,0.21968787515005123,1950.0,1950.0,1,0,0.7803121248499088,5,4,0.008787515006002049,4.3,1
199.0,395.0,50.0,0.5037974683543028,196.0,196.0,0,0,0.49620253164544403,3,3,0.12722158291775323,4.2,1
1295.0,1645.0,21.0,0.7872340425531437,350.0,350.0,0,0,0.21276595744679558,5,2,0.04782709857552513,4.6,2
310.0,310.0,0.0,0.9999999999996775,0.0,0.0,0,1,0.0,3,0,0.3215434083600249,4.5,2
149.0,149.0,0.0,0.999999999999329,0.0,0.0,0,1,0.0,2,0,0.6666666666662193,4.3,1
1149.0,1499.0,23.0,0.7665110073381743,350.0,350.0,0,0,0.23348899266175893,5,2,0.05110073382254495,4.1,1
499.0,1299.0,62.0,0.38414164742106355,800.0,800.0,1,0,0.6158583525788595,5,4,0.029549357493927966,4.5,2
999.0,4199.0,76.0,0.23791378899737467,3200.0,3200.0,1,0,0.7620862110026015,5,4,0.005664614023747016,3.5,0
1709.0,4000.0,57.0,0.4272499999999893,2291.0,2291.0,1,0,0.5727499999999857,5,4,0.010678580354911005,4.4,1
250.0,250.0,0.0,0.9999999999996001,0.0,0.0,0,1,0.0,3,0,0.3984063745018327,4.2,1
1199.0,2199.0,45.0,0.5452478399272148,1000.0,1000.0,0,0,0.45475216007273966,5,3,0.02478399272396431,4.4,1
90.0,100.0,10.0,0.8999999999991,10.0,10.0,0,0,0.0999999999999,1,0,0.89108910891,4.4,1
2025.0,5999.0,66.0,0.33755625937655714,3974.0,3974.0,1,0,0.6624437406234261,5,4,0.005625937656275952,4.2,1
1495.0,1995.0,25.0,0.7493734335839223,500.0,500.0,0,0,0.25062656641602754,5,2,0.037543759197591293,4.5,2
799.0,2100.0,62.0,0.38047619047617237,1301.0,1301.0,1,0,0.6195238095237801,5,4,0.018109290360598402,4.3,1
899.0,1199.0,25.0,0.7497914929106964,300.0,300.0,0,0,0.25020850708922016,5,2,0.062482624409224696,3.8,0
349.0,999.0,65.0,0.3493493493493144,650.0,650.0,1,0,0.6506506506505855,4,4,0.03493493493493144,3.9,0
900.0,2499.0,64.0,0.3601440576230348,1599.0,1599.0,1,0,0.6398559423769251,5,4,0.014405762304921393,4.0,1
2490.0,3990.0,38.0,0.6240601503759242,1500.0,1500.0,0,0,0.37593984962405075,5,3,0.015636686303581164,4.1,1
116.0,200.0,42.0,0.5799999999997101,84.0,84.0,0,0,0.41999999999979004,2,3,0.288557213930204,4.4,1
200.0,230.0,13.0,0.8695652173909263,30.0,30.0,0,0,0.13043478260863894,3,1,0.37643515904369107,4.4,1
1249.0,2796.0,55.0,0.4467095851215863,1547.0,1547.0,1,0,0.5532904148783779,5,4,0.01597102556745035,4.4,1
649.0,999.0,35.0,0.6496496496495846,350.0,350.0,0,0,0.35035035035031525,4,3,0.06496496496495846,3.5,0
2649.0,3499.0,24.0,0.7570734495569946,850.0,850.0,0,0,0.24292655044297676,5,2,0.021630669987342706,4.5,2
199.0,349.0,43.0,0.5702005730657392,150.0,150.0,0,0,0.42979942693397427,3,3,0.16291444944735406,4.1,1
596.0,723.0,18.0,0.8243430152142704,127.0,127.0,0,0,0.1756569847855912,4,1,0.1138595324881589,4.4,1
2499.0,5999.0,58.0,0.4165694282380327,3500.0,3500.0,1,0,0.5834305717619506,5,4,0.006942823803967211,4.1,1
4999.0,12499.0,60.0,0.39995199615968957,7500.0,7500.0,1,0,0.6000480038403024,5,4,0.0031996159692775166,4.2,1
399.0,1290.0,69.0,0.3093023255813714,891.0,891.0,1,0,0.6906976744185511,5,4,0.02395835209770499,4.2,1
116.0,200.0,42.0,0.5799999999997101,84.0,84.0,0,0,0.41999999999979004,2,3,0.288557213930204,4.3,1
4499.0,5999.0,25.0,0.7499583263877188,1500.0,1500.0,0,0,0.25004167361226454,5,2,0.012499305439795312,4.3,1
330.0,499.0,34.0,0.6613226452904486,169.0,169.0,0,0,0.33867735470935095,3,3,0.13226452905808972,3.7,0
649.0,2499.0,74.0,0.25970388155261065,1850.0,1850.0,1,0,0.7402961184473493,5,4,0.010388155262104426,3.9,0
1234.0,1599.0,23.0,0.7717323327078942,365.0,365.0,0,0,0.22826766729204326,5,2,0.04823327079424339,4.5,2
1399.0,2990.0,53.0,0.4678929765886131,1591.0,1591.0,1,0,0.5321070234113534,5,4,0.0156433626408764,4.1,1
272.0,320.0,15.0,0.8499999999997344,48.0,48.0,0,0,0.14999999999995314,3,1,0.26479750778807926,4.0,1
99.0,999.0,90.0,0.09909909909908918,900.0,900.0,1,0,0.9009009009008107,4,4,0.009909909909908917,3.8,0
3498.0,3875.0,10.0,0.9027096774193315,377.0,377.0,0,0,0.09729032258064264,5,0,0.023289723359631875,3.4,0
10099.0,19110.0,47.0,0.5284667713239115,9011.0,9011.0,0,0,0.4715332286760834,5,3,0.002765249182794786,4.3,1
449.0,999.0,55.0,0.44944944944940446,550.0,550.0,1,0,0.5505505505504954,4,4,0.044944944944940446,4.3,1
150.0,150.0,0.0,0.9999999999993334,0.0,0.0,0,1,0.0,2,0,0.6622516556286976,4.3,1
348.0,1499.0,77.0,0.23215476984654887,1151.0,1151.0,1,0,0.7678452301533844,5,4,0.015476984656436592,4.2,1
1199.0,2999.0,60.0,0.39979993331109037,1800.0,1800.0,1,0,0.6002000666888763,5,4,0.013326664443703012,4.1,1
397.0,899.0,56.0,0.4416017797552345,502.0,502.0,1,0,0.5583982202446542,4,4,0.04906686441724828,4.0,1
154.0,349.0,56.0,0.44126074498554696,195.0,195.0,1,0,0.5587392550141665,3,4,0.12607449856729913,4.3,1
699.0,1490.0,53.0,0.469127516778492,791.0,791.0,1,0,0.5308724832214409,5,4,0.031463951494197985,4.0,1
1679.0,1999.0,16.0,0.839919959979948,320.0,320.0,0,0,0.160080040020002,5,1,0.0419959979989974,4.1,1
354.0,1500.0,76.0,0.23599999999998425,1146.0,1146.0,1,0,0.763999999999949,5,4,0.015722851432377366,4.0,1
1199.0,5499.0,78.0,0.2180396435715545,4300.0,4300.0,1,0,0.7819603564284273,5,4,0.003964357155846446,3.8,0
379.0,1499.0,75.0,0.2528352234823047,1120.0,1120.0,1,0,0.7471647765176286,5,4,0.01685568156548698,4.2,1
499.0,775.0,36.0,0.6438709677418524,276.0,276.0,0,0,0.35612903225801856,4,3,0.08297306285333149,4.3,1
10389.0,32000.0,68.0,0.324656249999999,21611.0,21611.0,1,0,0.6753437499999979,5,4,0.001014519077528824,4.4,1
649.0,1300.0,50.0,0.4992307692307308,651.0,651.0,0,0,0.5007692307691922,5,3,0.03837284928752734,4.1,1
1199.0,1999.0,40.0,0.599799899949945,800.0,800.0,0,0,0.400200100050005,5,3,0.029989994997497247,4.5,2
139.0,999.0,86.0,0.1391391391391252,860.0,860.0,1,0,0.8608608608607746,4,4,0.01391391391391252,4.0,1
889.0,1999.0,56.0,0.444722361180568,1110.0,1110.0,1,0,0.555277638819382,5,4,0.0222361180590284,4.2,1
1409.0,2199.0,36.0,0.6407457935424902,790.0,790.0,0,0,0.3592542064574643,5,3,0.029124808797385913,3.9,0
549.0,1999.0,73.0,0.2746373186593159,1450.0,1450.0,1,0,0.7253626813406341,5,4,0.013731865932965794,4.3,1
749.0,1799.0,58.0,0.41634241245133874,1050.0,1050.0,1,0,0.5836575875486056,5,4,0.023130134025074373,4.0,1
329.0,845.0,61.0,0.3893491124259894,516.0,516.0,1,0,0.6106508875738922,4,4,0.04602235371465596,4.2,1
379.0,1099.0,66.0,0.3448589626933262,720.0,720.0,1,0,0.6551410373065828,5,4,0.031350814790302384,4.3,1
5998.0,7999.0,25.0,0.7498437304662989,2001.0,2001.0,0,0,0.2501562695336886,5,2,0.009373046630828738,4.2,1
299.0,1499.0,80.0,0.19946631087390262,1200.0,1200.0,1,0,0.8005336891260306,5,4,0.013297754058260175,4.2,1
379.0,1499.0,75.0,0.2528352234823047,1120.0,1120.0,1,0,0.7471647765176286,5,4,0.01685568156548698,4.1,1
1399.0,2999.0,53.0,0.4664888296098544,1600.0,1600.0,1,0,0.5335111703901122,5,4,0.015549627653661814,4.3,1
699.0,1299.0,46.0,0.5381062355657784,600.0,600.0,0,0,0.46189376443414454,5,3,0.04139278735121372,4.3,1
300.0,300.0,0.0,0.9999999999996667,0.0,0.0,0,1,0.0,3,0,0.3322259136211517,4.2,1
999.0,1995.0,50.0,0.500751879699223,996.0,996.0,0,0,0.49924812030072685,5,3,0.025087769524009165,4.5,2
535.0,535.0,0.0,0.999999999999813,0.0,0.0,0,1,0.0,4,0,0.1865671641790696,4.4,1
13999.0,24999.0,44.0,0.5599823992959696,11000.0,11000.0,0,0,0.44001760070402646,5,3,0.0022399295971838786,4.2,1
269.0,1099.0,76.0,0.24476797088259827,830.0,830.0,1,0,0.7552320291173107,5,4,0.022251633716599845,4.1,1
341.0,450.0,24.0,0.7577777777776094,109.0,109.0,0,0,0.2422222222221684,3,2,0.1680216802167648,4.3,1
2499.0,3999.0,38.0,0.6249062265566235,1500.0,1500.0,0,0,0.37509377344335143,5,3,0.015622655663915588,4.4,1
349.0,599.0,42.0,0.5826377295491514,250.0,250.0,0,0,0.4173622704506815,4,3,0.0971062882581919,4.1,1
5899.0,7005.0,16.0,0.8421127765881393,1106.0,1106.0,0,0,0.1578872234118464,5,1,0.012019879768600332,3.6,0
699.0,1199.0,42.0,0.5829858215178829,500.0,500.0,0,0,0.4170141784820336,5,3,0.04858215179315691,4.0,1
1565.0,2999.0,48.0,0.5218406135378285,1434.0,1434.0,0,0,0.4781593864621381,5,3,0.017394687117927618,4.0,1
326.0,799.0,59.0,0.4080100125155935,473.0,473.0,1,0,0.5919899874842813,4,4,0.051001251564449186,4.4,1
120.0,999.0,88.0,0.12012012012010809,879.0,879.0,1,0,0.8798798798797918,4,4,0.012012012012010808,3.9,0
657.0,999.0,34.0,0.6576576576575918,342.0,342.0,0,0,0.34234234234230804,4,3,0.06576576576575917,4.3,1
1995.0,2895.0,31.0,0.6891191709844321,900.0,900.0,0,0,0.3108808290155333,5,3,0.023795551484269064,4.6,2
1500.0,1500.0,0.0,0.9999999999999333,0.0,0.0,0,1,0.0,5,0,0.06662225183210747,4.4,1
2640.0,3195.0,17.0,0.8262910798121808,555.0,555.0,0,0,0.173708920187788,5,1,0.025853913636175868,4.5,2
5299.0,6355.0,17.0,0.833831628638854,1056.0,1056.0,0,0,0.16616837136113036,5,1,0.013118811023267056,3.9,0
263.0,699.0,62.0,0.3762517882689018,436.0,436.0,1,0,0.6237482117309551,4,4,0.05375025546698598,4.1,1
1990.0,2999.0,34.0,0.6635545181727021,1009.0,1009.0,0,0,0.3364454818272645,5,3,0.02211848393909007,4.3,1
1289.0,1499.0,14.0,0.8599066044028779,210.0,210.0,0,0,0.14009339559705536,5,1,0.057327106960191866,4.5,2
165.0,165.0,0.0,0.999999999999394,0.0,0.0,0,1,0.0,2,0,0.6024096385538519,4.5,2
1699.0,3499.0,51.0,0.48556730494425593,1800.0,1800.0,1,0,0.5144326950557155,5,4,0.013873351569835884,3.6,0
2299.0,7500.0,69.0,0.30653333333332927,5201.0,5201.0,1,0,0.6934666666666575,5,4,0.004086566235612975,4.1,1
219.0,700.0,69.0,0.31285714285709815,481.0,481.0,1,0,0.6871428571427589,4,4,0.044630120236390604,4.3,1
39.0,39.0,0.0,0.9999999999974358,0.0,0.0,0,1,0.0,0,0,2.4999999999935896,3.8,0
26999.0,37999.0,29.0,0.7105186978604681,11000.0,11000.0,0,0,0.2894813021395292,5,2,0.0018697860470012317,4.6,2
1490.0,1990.0,25.0,0.7487437185929272,500.0,500.0,0,0,0.25125628140702255,5,2,0.03760641479622939,4.1,1
398.0,1949.0,80.0,0.20420728578757288,1551.0,1551.0,1,0,0.7957927142123757,5,4,0.010472168501926815,4.0,1
349.0,899.0,61.0,0.3882091212457855,550.0,550.0,1,0,0.6117908787541032,4,4,0.04313434680508728,4.5,2
770.0,1547.0,50.0,0.4977375565610538,777.0,777.0,0,0,0.5022624434388816,5,3,0.032153588925132676,4.3,1
279.0,1299.0,79.0,0.21478060046187722,1020.0,1020.0,1,0,0.7852193995380458,5,4,0.01652158465091363,4.0,1
249.0,599.0,58.0,0.4156928213688788,350.0,350.0,1,0,0.5843071786309542,4,4,0.06928213689481313,4.5,2
115.0,499.0,77.0,0.2304609218436412,384.0,384.0,1,0,0.7695390781561584,3,4,0.046092184368728244,4.0,1
230.0,230.0,0.0,0.9999999999995652,0.0,0.0,0,1,0.0,3,0,0.4329004329002447,4.5,2
399.0,999.0,60.0,0.3993993993993594,600.0,600.0,1,0,0.6006006006005404,4,4,0.03993993993993594,4.1,1
599.0,700.0,14.0,0.8557142857141634,101.0,101.0,0,0,0.14428571428569367,4,1,0.122070511514146,4.3,1
598.0,1150.0,48.0,0.5199999999999547,552.0,552.0,0,0,0.47999999999995824,5,3,0.04517810599478321,4.1,1
399.0,1499.0,73.0,0.2661774516344052,1100.0,1100.0,1,0,0.7338225483655281,5,4,0.017745163442293682,4.0,1
499.0,1299.0,62.0,0.38414164742106355,800.0,800.0,1,0,0.6158583525788595,5,4,0.029549357493927966,4.1,1
199.0,499.0,60.0,0.39879759519030084,300.0,300.0,1,0,0.6012024048094988,3,4,0.07975951903806017,4.1,1
579.0,1090.0,47.0,0.5311926605504099,511.0,511.0,0,0,0.46880733944949826,5,3,0.048688603166857004,4.4,1
179.0,399.0,55.0,0.44862155388459934,220.0,220.0,1,0,0.5513784461151501,3,4,0.11215538847114984,4.0,1
90.0,100.0,10.0,0.8999999999991,10.0,10.0,0,0,0.0999999999999,1,0,0.89108910891,4.1,1
899.0,1999.0,55.0,0.4497248624311931,1100.0,1100.0,1,0,0.5502751375687569,5,4,0.022486243121559654,4.4,1
1149.0,1800.0,36.0,0.6383333333332979,651.0,651.0,0,0,0.36166666666664654,5,3,0.03544327225615202,4.3,1
249.0,499.0,50.0,0.498997995991884,250.0,250.0,0,0,0.5010020040079156,3,3,0.09979959919837679,4.2,1
39.0,39.0,0.0,0.9999999999974358,0.0,0.0,0,1,0.0,0,0,2.4999999999935896,3.6,0
1599.0,3599.0,56.0,0.44429008057792596,2000.0,2000.0,1,0,0.5557099194220463,5,4,0.012341391127164609,4.2,1
1199.0,3990.0,70.0,0.30050125313282455,2791.0,2791.0,1,0,0.6994987468671504,5,4,0.007529472641764584,4.2,1
209.0,499.0,58.0,0.4188376753506175,290.0,290.0,1,0,0.5811623246491822,3,4,0.0837675350701235,3.9,0
1099.0,1499.0,27.0,0.7331554369579231,400.0,400.0,0,0,0.2668445630420102,5,2,0.0488770291305282,4.2,1
120.0,120.0,0.0,0.9999999999991667,0.0,0.0,0,1,0.0,2,0,0.8264462809910469,4.5,2
1519.0,3499.0,57.0,0.43412403543868433,1980.0,1980.0,1,0,0.5658759645612871,5,4,0.012403543869676696,4.3,1
420.0,420.0,0.0,0.999999999999762,0.0,0.0,0,1,0.0,3,0,0.23752969121134487,4.2,1
225.0,225.0,0.0,0.9999999999995556,0.0,0.0,0,1,0.0,3,0,0.4424778761059981,4.1,1
199.0,799.0,75.0,0.24906132665829173,600.0,600.0,1,0,0.750938673341583,4,4,0.031132665832286466,4.1,1
1799.0,3999.0,55.0,0.44986246561639287,2200.0,2200.0,1,0,0.5501375343835821,5,4,0.011246561640409821,4.6,2
8349.0,9625.0,13.0,0.8674285714285624,1276.0,1276.0,0,0,0.1325714285714272,5,1,0.009011308658098509,3.8,0
3307.0,6100.0,46.0,0.5421311475409747,2793.0,2793.0,0,0,0.4578688524590089,5,3,0.00888593914999139,4.3,1
325.0,1299.0,75.0,0.25019245573516163,974.0,974.0,1,0,0.7498075442647614,5,4,0.019245573518089355,4.2,1
449.0,1300.0,65.0,0.3453846153845888,851.0,851.0,1,0,0.6546153846153342,5,4,0.02654762608644034,4.2,1
380.0,400.0,5.0,0.9499999999997625,20.0,20.0,0,1,0.0499999999999875,3,0,0.2369077306732575,4.4,1
499.0,1399.0,64.0,0.3566833452465792,900.0,900.0,1,0,0.6433166547533493,5,4,0.025477381803327086,3.9,0
37247.0,59890.0,38.0,0.6219235264651851,22643.0,22643.0,0,0,0.37807647353481316,5,3,0.0010384256841014263,4.0,1
849.0,2490.0,66.0,0.34096385542167307,1641.0,1641.0,1,0,0.6590361445782867,5,4,0.01368783040632971,4.2,1
799.0,1999.0,60.0,0.39969984992494245,1200.0,1200.0,1,0,0.6003001500750075,5,4,0.019984992496247123,3.7,0
2599.0,6999.0,63.0,0.3713387626803776,4400.0,4400.0,1,0,0.6286612373196081,5,4,0.005304839466862537,4.5,2
199.0,999.0,80.0,0.19919919919917925,800.0,800.0,1,0,0.8008008008007206,4,4,0.019919919919917924,4.5,2
269.0,800.0,66.0,0.33624999999995797,531.0,531.0,1,0,0.663749999999917,4,4,0.04197877652933307,3.6,0
298.0,999.0,70.0,0.2982982982982684,701.0,701.0,1,0,0.7017017017016314,4,4,0.02982982982982684,4.3,1
1499.0,2999.0,50.0,0.4998332777592364,1500.0,1500.0,0,0,0.5001667222407302,5,3,0.016661109258641213,4.1,1
649.0,1245.0,48.0,0.5212851405622071,596.0,596.0,0,0,0.4787148594377125,5,3,0.041836688648652254,3.9,0
1199.0,1695.0,29.0,0.7073746312683948,496.0,496.0,0,0,0.29262536873154615,5,2,0.041708409862523284,3.6,0
1199.0,2000.0,40.0,0.5994999999999701,801.0,801.0,0,0,0.40049999999998,5,3,0.0299600199900035,4.0,1
455.0,999.0,54.0,0.45545545545540983,544.0,544.0,1,0,0.54454454454449,4,4,0.04554554554554098,4.1,1
199.0,1999.0,90.0,0.09954977488743874,1800.0,1800.0,1,0,0.9004502251125112,5,4,0.004977488744371937,3.7,0
293.0,499.0,41.0,0.5871743486972771,206.0,206.0,0,0,0.41282565130252247,3,3,0.11743486973945542,3.9,0
199.0,495.0,60.0,0.4020202020201208,296.0,296.0,1,0,0.5979797979796772,3,4,0.08105246008470177,4.1,1
749.0,1245.0,40.0,0.6016064257027629,496.0,496.0,0,0,0.3983935742971567,5,3,0.04828301971932286,3.9,0
1399.0,1549.0,10.0,0.9031633311813491,150.0,150.0,0,0,0.09683666881858638,5,0,0.05826860201169994,3.9,0
749.0,1445.0,48.0,0.5183391003459848,696.0,696.0,0,0,0.4816608996539459,5,3,0.03584641081230877,3.9,0
1699.0,3193.0,47.0,0.5321014719699175,1494.0,1494.0,0,0,0.4678985280300511,5,3,0.01665940738791226,3.8,0
1043.0,1345.0,22.0,0.7754646840148122,302.0,302.0,0,0,0.22453531598511342,5,2,0.05761253224478546,3.8,0
499.0,999.0,50.0,0.4994994994994495,500.0,500.0,0,0,0.5005005005004504,4,3,0.04994994994994495,4.1,1
1464.0,1650.0,11.0,0.8872727272726735,186.0,186.0,0,0,0.11272727272726589,5,1,0.05374153405649143,4.1,1
249.0,499.0,50.0,0.498997995991884,250.0,250.0,0,0,0.5010020040079156,3,3,0.09979959919837679,3.3,0
625.0,1400.0,55.0,0.44642857142853953,775.0,775.0,1,0,0.553571428571389,5,4,0.03186499439175871,4.2,1
1290.0,2500.0,48.0,0.5159999999999794,1210.0,1210.0,0,0,0.4839999999999806,5,3,0.02063174730107874,4.0,1
3600.0,6190.0,42.0,0.5815831987075835,2590.0,2590.0,0,0,0.41841680129240033,5,3,0.009394010639760676,4.3,1
6549.0,13999.0,53.0,0.46781912993784935,7450.0,7450.0,1,0,0.5321808700621435,5,4,0.003341565213841781,4.0,1
1625.0,2995.0,46.0,0.5425709515859585,1370.0,1370.0,0,0,0.4574290484140081,5,3,0.018109844845993272,4.5,2
2599.0,5890.0,56.0,0.44125636672325225,3291.0,3291.0,1,0,0.5587436332767307,5,4,0.007490347423582621,4.1,1
1199.0,2000.0,40.0,0.5994999999999701,801.0,801.0,0,0,0.40049999999998,5,3,0.0299600199900035,4.0,1
5499.0,13150.0,58.0,0.4181749049429626,7651.0,7651.0,1,0,0.5818250950570298,5,4,0.003179795490403487,4.2,1
1299.0,3500.0,63.0,0.37114285714284656,2201.0,2201.0,1,0,0.6288571428571249,5,4,0.010601052760435492,3.8,0
599.0,785.0,24.0,0.7630573248406671,186.0,186.0,0,0,0.23694267515920547,4,2,0.0970810845853266,4.2,1
1999.0,3210.0,38.0,0.6227414330217874,1211.0,1211.0,0,0,0.3772585669781814,5,3,0.019394002896972514,4.2,1
549.0,1000.0,45.0,0.5489999999999451,451.0,451.0,0,0,0.4509999999999549,4,3,0.05484515484514935,3.6,0
999.0,2000.0,50.0,0.499499999999975,1001.0,1001.0,0,0,0.500499999999975,5,3,0.024962518740628437,3.8,0
398.0,1999.0,80.0,0.19909954977487748,1601.0,1601.0,1,0,0.8009004502250725,5,4,0.009954977488743874,4.1,1
539.0,720.0,25.0,0.7486111111110071,181.0,181.0,0,0,0.25138888888885397,4,2,0.10382955771303844,4.1,1
699.0,1595.0,56.0,0.43824451410655557,896.0,896.0,1,0,0.5617554858933816,5,4,0.027458929455297966,4.1,1
2148.0,3645.0,41.0,0.5893004115226176,1497.0,1497.0,0,0,0.410699588477355,5,3,0.016162929553555062,4.1,1
3599.0,7950.0,55.0,0.4527044025157176,4351.0,4351.0,1,0,0.5472955974842698,5,4,0.005693678814183343,4.2,1
351.0,999.0,65.0,0.3513513513513162,648.0,648.0,1,0,0.6486486486485837,4,4,0.03513513513513162,4.0,1
1614.0,1745.0,8.0,0.9249283667621246,131.0,131.0,0,1,0.07507163323781804,5,0,0.052974133262435545,4.3,1
719.0,1295.0,44.0,0.5552123552123123,576.0,576.0,0,0,0.4447876447876104,5,3,0.04284045950712286,4.2,1
678.0,1499.0,55.0,0.4523015343562073,821.0,821.0,1,0,0.5476984656437259,5,4,0.030153435623747154,4.2,1
809.0,1545.0,48.0,0.5236245954692218,736.0,736.0,0,0,0.4763754045307135,5,3,0.03386963748183841,3.7,0
1969.0,5000.0,61.0,0.3937999999999921,3031.0,3031.0,1,0,0.6061999999999879,5,4,0.007874425114976847,4.1,1
1490.0,1695.0,12.0,0.8790560471975882,205.0,205.0,0,0,0.12094395280235275,5,1,0.051831134858348366,4.4,1
2499.0,3945.0,37.0,0.6334600760456113,1446.0,1446.0,0,0,0.36653992395436336,5,3,0.016053220376219243,3.8,0
1665.0,2099.0,21.0,0.7932348737493666,434.0,434.0,0,0,0.20676512625058566,5,2,0.037773089226160315,4.0,1
3229.0,5295.0,39.0,0.6098205854579677,2066.0,2066.0,0,0,0.3901794145420134,5,3,0.01151473915139667,4.2,1
1799.0,3595.0,50.0,0.5004172461752294,1796.0,1796.0,0,0,0.4995827538247427,5,3,0.013915941217331185,3.8,0
1260.0,1699.0,26.0,0.7416127133607568,439.0,439.0,0,0,0.2583872866391843,5,2,0.04362427725651511,4.2,1
749.0,1129.0,34.0,0.663418954827222,380.0,380.0,0,0,0.3365810451726894,5,3,0.05870964202010815,4.0,1
3499.0,5795.0,40.0,0.6037963761863572,2296.0,2296.0,0,0,0.3962036238136256,5,3,0.010417466807908164,3.9,0
379.0,999.0,62.0,0.3793793793793414,620.0,620.0,1,0,0.6206206206205584,4,4,0.03793793793793414,4.3,1
1099.0,2400.0,54.0,0.4579166666666476,1301.0,1301.0,1,0,0.5420833333333107,5,4,0.019071914480076953,3.8,0
749.0,1299.0,42.0,0.5765973826019571,550.0,550.0,0,0,0.42340261739796586,5,3,0.044353644815535165,4.0,1
1299.0,1299.0,0.0,0.999999999999923,0.0,0.0,0,1,0.0,5,0,0.076923076923071,4.2,1
549.0,1090.0,50.0,0.503669724770596,541.0,541.0,0,0,0.4963302752293122,5,3,0.046165877614170125,4.2,1
899.0,2000.0,55.0,0.44949999999997753,1101.0,1101.0,1,0,0.5504999999999725,5,4,0.022463768115940905,3.6,0
1321.0,1545.0,14.0,0.8550161812297181,224.0,224.0,0,0,0.14498381877021715,5,1,0.05530505700062859,4.3,1
1099.0,1999.0,45.0,0.5497748874436943,900.0,900.0,0,0,0.4502251125562556,5,3,0.027488744372184716,4.0,1
775.0,875.0,11.0,0.8857142857141844,100.0,100.0,0,0,0.11428571428570122,4,1,0.10110893672536352,4.2,1
6299.0,15270.0,59.0,0.41250818598558997,8971.0,8971.0,1,0,0.5874918140144035,5,4,0.0027012519545909896,4.1,1
3190.0,4195.0,24.0,0.7604290822407447,1005.0,1005.0,0,0,0.23957091775923148,5,2,0.018122714066747966,4.0,1
799.0,1989.0,60.0,0.4017094017093815,1190.0,1190.0,1,0,0.5982905982905682,5,4,0.02018640209594882,4.3,1
2699.0,5000.0,46.0,0.5397999999999892,2301.0,2301.0,0,0,0.4601999999999908,5,3,0.010793841231753433,4.0,1
599.0,990.0,39.0,0.6050505050504439,391.0,391.0,0,0,0.394949494949455,4,3,0.06105454137744136,3.9,0
749.0,1111.0,33.0,0.6741674167416135,362.0,362.0,0,0,0.3258325832582965,5,3,0.06062656625374223,4.2,1
6199.0,10400.0,40.0,0.5960576923076866,4201.0,4201.0,0,0,0.4039423076923038,5,3,0.005730772928638463,4.1,1
1819.0,2490.0,27.0,0.7305220883533843,671.0,671.0,0,0,0.26947791164657553,5,2,0.029326458785764124,4.4,1
1199.0,1900.0,37.0,0.6310526315789141,701.0,701.0,0,0,0.3689473684210332,5,3,0.03319582491209438,4.0,1
3249.0,6295.0,48.0,0.5161239078633755,3046.0,3046.0,0,0,0.48387609213660865,5,3,0.008197647837728327,3.8,0
349.0,999.0,65.0,0.3493493493493144,650.0,650.0,1,0,0.6506506506505855,4,4,0.03493493493493144,4.0,1
1049.0,1699.0,38.0,0.6174220129487571,650.0,650.0,0,0,0.38257798705118407,5,3,0.03631894193816219,3.1,0
799.0,1500.0,47.0,0.5326666666666311,701.0,701.0,0,0,0.4673333333333022,5,3,0.03548745280923592,4.3,1
4999.0,9650.0,48.0,0.5180310880828962,4651.0,4651.0,0,0,0.48196891191709346,5,3,0.005367641571680615,4.2,1
6999.0,10590.0,34.0,0.6609065155807303,3591.0,3591.0,0,0,0.33909348441926024,5,3,0.00624026546672392,4.4,1
799.0,1999.0,60.0,0.39969984992494245,1200.0,1200.0,1,0,0.6003001500750075,5,4,0.019984992496247123,4.1,1
89.0,89.0,0.0,0.9999999999988763,0.0,0.0,0,1,0.0,1,0,1.1111111111098626,4.2,1
1400.0,2485.0,44.0,0.5633802816901181,1085.0,1085.0,0,0,0.4366197183098416,5,3,0.02266211913475938,4.1,1
355.0,899.0,61.0,0.3948832035594666,544.0,544.0,1,0,0.605116796440422,4,4,0.043875911506607405,4.1,1
2169.0,3279.0,34.0,0.6614821591948563,1110.0,1110.0,0,0,0.3385178408051132,5,3,0.02016713899984318,4.1,1
2799.0,3799.0,26.0,0.7367728349565481,1000.0,1000.0,0,0,0.2632271650434255,5,2,0.019388758814646002,3.9,0
899.0,1249.0,28.0,0.7197758206564676,350.0,350.0,0,0,0.28022417934345234,5,2,0.0575820656525174,3.9,0
2499.0,5000.0,50.0,0.49979999999999,2501.0,2501.0,0,0,0.50019999999999,5,3,0.009994001199759846,3.8,0
3599.0,7299.0,51.0,0.4930812440060215,3700.0,3700.0,1,0,0.5069187559939649,5,4,0.006754537589123582,4.0,1
499.0,625.0,20.0,0.7983999999998722,126.0,126.0,0,0,0.20159999999996772,4,1,0.127539936102216,4.2,1
653.0,1020.0,36.0,0.6401960784313098,367.0,367.0,0,0,0.35980392156859214,5,3,0.0627028480344084,4.1,1
4789.0,8990.0,47.0,0.5327030033370352,4201.0,4201.0,0,0,0.46729699666295366,5,3,0.005924847106406799,4.3,1
1409.0,1639.0,14.0,0.859670530811418,230.0,230.0,0,0,0.14032946918852102,5,1,0.05241893480557427,3.7,0
753.0,899.0,16.0,0.8375973303669814,146.0,146.0,0,0,0.1624026696329074,4,1,0.09306637004077571,4.2,1
353.0,1199.0,71.0,0.29441201000831574,846.0,846.0,1,0,0.7055879899916009,5,4,0.024534334167359645,4.3,1
1099.0,1899.0,42.0,0.5787256450763255,800.0,800.0,0,0,0.4212743549236218,5,3,0.030459244477701344,4.3,1
8799.0,11595.0,24.0,0.7588615782664876,2796.0,2796.0,0,0,0.24113842173350375,5,2,0.006544166766699617,4.4,1
1345.0,1750.0,23.0,0.7685714285713846,405.0,405.0,0,0,0.2314285714285582,5,2,0.0438932854695251,3.8,0
2095.0,2095.0,0.0,0.9999999999999523,0.0,0.0,0,1,0.0,5,0,0.04770992366411986,4.5,2
1498.0,2300.0,35.0,0.6513043478260586,802.0,802.0,0,0,0.34869565217389786,5,3,0.028305273699524493,3.8,0
2199.0,2990.0,26.0,0.7354515050166978,791.0,791.0,0,0,0.26454849498326877,5,2,0.024588816617074485,3.8,0
3699.0,4295.0,14.0,0.8612339930151138,596.0,596.0,0,0,0.13876600698486288,5,1,0.020047346206124625,4.1,1
177.0,199.0,11.0,0.8894472361804576,22.0,22.0,0,0,0.11055276381903993,2,1,0.44472361809022876,4.1,1
1149.0,2499.0,54.0,0.45978391356540776,1350.0,1350.0,1,0,0.5402160864345522,5,4,0.01839135654261631,3.8,0
244.0,499.0,51.0,0.48897795591172566,255.0,255.0,1,0,0.511022044088074,3,4,0.09779559118234514,3.3,0
1959.0,2400.0,18.0,0.816249999999966,441.0,441.0,0,0,0.18374999999999234,5,1,0.03399625156184781,4.0,1
319.0,749.0,57.0,0.4259012016020793,430.0,430.0,1,0,0.5740987983977871,4,4,0.05678682688027724,4.6,2
1499.0,1775.0,16.0,0.8445070422534735,276.0,276.0,0,0,0.15549295774647012,5,1,0.047551072198956844,3.9,0
469.0,1599.0,71.0,0.29330831769854326,1130.0,1130.0,1,0,0.7066916823013942,5,4,0.018331769856158954,3.7,0
1099.0,1795.0,39.0,0.6122562674094366,696.0,696.0,0,0,0.38774373259050765,5,3,0.03408999261745193,4.2,1
9590.0,15999.0,40.0,0.5994124632789511,6409.0,6409.0,0,0,0.4005875367210426,5,3,0.003746327895493445,4.1,1
999.0,1490.0,33.0,0.6704697986576731,491.0,491.0,0,0,0.32953020134225974,5,3,0.04496779333720142,4.1,1
1299.0,1999.0,35.0,0.6498249124561956,700.0,700.0,0,0,0.35017508754375437,5,3,0.03249124562280978,3.8,0
292.0,499.0,41.0,0.5851703406812455,207.0,207.0,0,0,0.41482965931855414,3,3,0.1170340681362491,4.1,1
160.0,299.0,46.0,0.5351170568560083,139.0,139.0,0,0,0.46488294314365725,3,3,0.1783723522853361,4.6,2
600.0,600.0,0.0,0.9999999999998332,0.0,0.0,0,1,0.0,4,0,0.16638935108150305,4.1,1
1130.0,1130.0,0.0,0.9999999999999115,0.0,0.0,0,1,0.0,5,0,0.08841732979663232,4.2,1
3249.0,6295.0,48.0,0.5161239078633755,3046.0,3046.0,0,0,0.48387609213660865,5,3,0.008197647837728327,3.9,0
3599.0,9455.0,62.0,0.38064516129031856,5856.0,5856.0,1,0,0.6193548387096709,5,4,0.004025435292833318,4.1,1
368.0,699.0,47.0,0.5264663805435584,331.0,331.0,0,0,0.47353361945629846,4,3,0.07520948293479406,4.1,1
3199.0,4999.0,36.0,0.6399279855971066,1800.0,1800.0,0,0,0.3600720144028734,5,3,0.012798559711942133,4.0,1
1599.0,2900.0,45.0,0.5513793103448086,1301.0,1301.0,0,0,0.44862068965515695,5,3,0.019006525692685575,3.7,0
1999.0,2499.0,20.0,0.7999199679871628,500.0,500.0,0,0,0.20008003201279712,5,1,0.03199679871948651,4.1,1
616.0,1190.0,48.0,0.5176470588234859,574.0,574.0,0,0,0.48235294117643,5,3,0.04346322912035986,4.1,1
1499.0,2100.0,29.0,0.7138095238094898,601.0,601.0,0,0,0.28619047619046256,5,2,0.03397475125223655,4.1,1
199.0,499.0,60.0,0.39879759519030084,300.0,300.0,1,0,0.6012024048094988,3,4,0.07975951903806017,3.3,0
610.0,825.0,26.0,0.7393939393938497,215.0,215.0,0,0,0.260606060606029,4,2,0.0895150047692312,4.1,1
999.0,1499.0,33.0,0.6664442961974205,500.0,500.0,0,0,0.33355570380251276,5,3,0.0444296197464947,4.1,1
8999.0,9995.0,10.0,0.9003501750875348,996.0,996.0,0,0,0.09964982491245523,5,0,0.009007104592712433,4.4,1
453.0,999.0,55.0,0.45345345345340804,546.0,546.0,1,0,0.5465465465464918,4,4,0.0453453453453408,4.3,1
2464.0,6000.0,59.0,0.4106666666666598,3536.0,3536.0,1,0,0.5893333333333235,5,4,0.006843303893795364,4.1,1
2719.0,3945.0,31.0,0.6892268694549889,1226.0,1226.0,0,0,0.3107731305449858,5,3,0.017466469068803572,3.7,0
1439.0,1999.0,28.0,0.7198599299649464,560.0,560.0,0,0,0.28014007003500346,5,2,0.035992996498247325,4.8,2
2799.0,3499.0,20.0,0.7999428408116376,700.0,700.0,0,0,0.2000571591883338,5,1,0.022855509737475358,4.5,2
2088.0,5550.0,62.0,0.37621621621620943,3462.0,3462.0,1,0,0.6237837837837725,5,4,0.006777449400400098,4.0,1
2399.0,4590.0,48.0,0.5226579520697053,2191.0,2191.0,0,0,0.4773420479302728,5,3,0.011384403225216845,4.1,1
308.0,499.0,38.0,0.617234468937752,191.0,191.0,0,0,0.3827655310620475,3,3,0.1234468937875504,3.9,0
2599.0,4400.0,41.0,0.5906818181818048,1801.0,1801.0,0,0,0.40931818181817253,5,3,0.013421536427671093,4.1,1
479.0,1000.0,52.0,0.4789999999999521,521.0,521.0,1,0,0.5209999999999478,4,4,0.04785214785214307,4.2,1
245.0,299.0,18.0,0.8193979933107628,54.0,54.0,0,0,0.1806020066889028,3,1,0.2731326644369209,4.1,1
179.0,799.0,78.0,0.22403003754690562,620.0,620.0,1,0,0.7759699624529691,4,4,0.028003754693363202,3.5,0
3569.0,5190.0,31.0,0.6876685934489271,1621.0,1621.0,0,0,0.31233140655105374,5,3,0.013247324088786882,4.3,1
699.0,1345.0,48.0,0.5197026022304446,646.0,646.0,0,0,0.480297397769481,5,3,0.038610891696169734,3.9,0
2089.0,4000.0,48.0,0.5222499999999869,1911.0,1911.0,0,0,0.4777499999999881,5,3,0.013052986753311345,4.2,1
2339.0,4000.0,42.0,0.5847499999999853,1661.0,1661.0,0,0,0.4152499999999896,5,3,0.014615096225943147,3.8,0
784.0,1599.0,51.0,0.49030644152592306,815.0,815.0,1,0,0.5096935584740144,5,4,0.03064415259537019,4.5,2
5499.0,9999.0,45.0,0.5499549954995444,4500.0,4500.0,0,0,0.45004500450044554,5,3,0.005499549954995444,3.8,0
899.0,1990.0,55.0,0.45175879396982654,1091.0,1091.0,1,0,0.5482412060301232,5,4,0.02269004490054377,4.1,1
1695.0,1695.0,0.0,0.9999999999999409,0.0,0.0,0,1,0.0,5,0,0.058962264150939914,4.2,1
499.0,940.0,47.0,0.5308510638297307,441.0,441.0,0,0,0.46914893617016284,4,3,0.056413503063733335,4.1,1
2699.0,4700.0,43.0,0.5742553191489239,2001.0,2001.0,0,0,0.42574468085105477,5,3,0.012215599216101337,4.2,1
1448.0,2999.0,52.0,0.48282760920305157,1551.0,1551.0,1,0,0.517172390796915,5,4,0.01609425364010172,4.5,2
79.0,79.0,0.0,0.9999999999987341,0.0,0.0,0,1,0.0,1,0,1.2499999999984177,4.0,1
6990.0,14290.0,51.0,0.48915325402378945,7300.0,7300.0,1,0,0.5108467459762036,5,4,0.0034228063398207926,4.4,1
2698.0,3945.0,32.0,0.6839036755386392,1247.0,1247.0,0,0,0.31609632446133545,5,3,0.0173315680572387,4.0,1
3199.0,5999.0,47.0,0.5332555425904228,2800.0,2800.0,0,0,0.4667444574095605,5,3,0.008887592376507047,4.0,1
1199.0,1950.0,39.0,0.6148717948717634,751.0,751.0,0,0,0.38512820512818535,5,3,0.03151572500624107,3.9,0
1414.0,2799.0,49.0,0.5051804215791174,1385.0,1385.0,0,0,0.4948195784208469,5,3,0.018042157913539907,4.0,1
999.0,1950.0,49.0,0.512307692307666,951.0,951.0,0,0,0.48769230769228267,5,3,0.026258723337143314,3.8,0
5999.0,9999.0,40.0,0.5999599959995939,4000.0,4000.0,0,0,0.400040004000396,5,3,0.005999599959995939,4.2,1
9970.0,12999.0,23.0,0.7669820755442668,3029.0,3029.0,0,0,0.23301792445572558,5,2,0.005899862119571282,4.3,1
698.0,699.0,0.0,0.9985693848353363,1.0,1.0,0,1,0.0014306151645205392,4,0,0.1426527692621909,4.2,1
2199.0,3190.0,31.0,0.6893416927899471,991.0,991.0,0,0,0.3106583072100216,5,3,0.02160268545252106,4.3,1
320.0,799.0,60.0,0.40050062578217765,479.0,479.0,1,0,0.5994993742176972,4,4,0.0500625782227722,4.2,1
298.0,499.0,40.0,0.5971943887774355,201.0,201.0,0,0,0.4028056112223642,3,3,0.1194388777554871,4.4,1
1199.0,1499.0,20.0,0.7998665777184256,300.0,300.0,0,0,0.20013342228150766,5,1,0.05332443851456171,3.8,0
1399.0,2660.0,47.0,0.5259398496240404,1261.0,1261.0,0,0,0.47406015037592203,5,3,0.019764744442842555,4.1,1
599.0,2799.0,79.0,0.21400500178634463,2200.0,2200.0,1,0,0.7859949982136196,5,4,0.007643035778083737,3.9,0
1499.0,1499.0,0.0,0.9999999999999333,0.0,0.0,0,1,0.0,5,0,0.06666666666666221,4.3,1
14400.0,59900.0,76.0,0.24040066777963232,45500.0,45500.0,1,0,0.759599332220366,5,4,0.00040132997408996897,4.4,1
1699.0,1900.0,11.0,0.8942105263157424,201.0,201.0,0,0,0.10578947368420495,5,1,0.047038954566845995,3.6,0
649.0,999.0,35.0,0.6496496496495846,350.0,350.0,0,0,0.35035035035031525,4,3,0.06496496496495846,3.8,0
3249.0,6375.0,49.0,0.5096470588235215,3126.0,3126.0,0,0,0.4903529411764629,5,3,0.007993209830983712,4.0,1
199.0,499.0,60.0,0.39879759519030084,300.0,300.0,1,0,0.6012024048094988,3,4,0.07975951903806017,4.1,1
1099.0,1899.0,42.0,0.5787256450763255,800.0,800.0,0,0,0.4212743549236218,5,3,0.030459244477701344,4.3,1
664.0,1490.0,55.0,0.4456375838925875,826.0,826.0,1,0,0.5543624161073454,5,4,0.029888503279180918,4.0,1
260.0,350.0,26.0,0.7428571428569306,90.0,90.0,0,0,0.2571428571427837,3,2,0.21164021164015118,3.9,0
6499.0,8500.0,24.0,0.7645882352941087,2001.0,2001.0,0,0,0.23541176470587957,5,2,0.00899409758021537,4.4,1
1484.0,2499.0,41.0,0.5938375350139818,1015.0,1015.0,0,0,0.40616246498597813,5,3,0.023753501400559273,3.7,0
999.0,1560.0,36.0,0.6403846153845744,561.0,561.0,0,0,0.3596153846153616,5,3,0.04102399842309894,3.6,0
3299.0,6500.0,49.0,0.5075384615384537,3201.0,3201.0,0,0,0.4924615384615309,5,3,0.007807082933986367,3.7,0
259.0,999.0,74.0,0.2592592592592333,740.0,740.0,1,0,0.7407407407406665,4,4,0.02592592592592333,4.0,1
3249.0,7795.0,58.0,0.4168056446439972,4546.0,4546.0,1,0,0.58319435535599,5,4,0.005346403856387856,4.2,1
4280.0,5995.0,29.0,0.7139282735612892,1715.0,1715.0,0,0,0.28607172643869416,5,2,0.01190674238761323,3.8,0
189.0,299.0,37.0,0.6321070234111599,110.0,110.0,0,0,0.3678929765885057,3,3,0.2107023411370533,4.2,1
1449.0,2349.0,38.0,0.6168582375478664,900.0,900.0,0,0,0.383141762452091,5,3,0.02624928670416453,3.9,0
199.0,499.0,60.0,0.39879759519030084,300.0,300.0,1,0,0.6012024048094988,3,4,0.07975951903806017,4.0,1
474.0,1299.0,64.0,0.3648960739029742,825.0,825.0,1,0,0.6351039260969488,5,4,0.028068928761767243,4.1,1
279.0,499.0,44.0,0.5591182364728339,220.0,220.0,0,0,0.4408817635269658,3,3,0.11182364729456677,4.8,2
1999.0,4775.0,58.0,0.4186387434554886,2776.0,2776.0,1,0,0.5813612565444904,5,4,0.008765467827794988,4.2,1
799.0,1230.0,35.0,0.6495934959349066,431.0,431.0,0,0,0.35040650406501217,5,3,0.052769577248976976,4.1,1
949.0,1999.0,53.0,0.47473736868431843,1050.0,1050.0,1,0,0.5252626313156316,5,4,0.02373686843421592,4.0,1
3657.66,5156.0,29.0,0.7093987587276821,1498.3400000000001,1498.3400000000001,0,0,0.2906012412722985,5,2,0.013756035654987049,3.9,0
1699.0,1999.0,15.0,0.8499249624811981,300.0,300.0,0,0,0.15007503751875187,5,1,0.0424962481240599,4.1,1
1849.0,2095.0,12.0,0.8825775656324161,246.0,246.0,0,0,0.11742243436753616,5,1,0.04210770828398932,4.3,1
12499.0,19825.0,37.0,0.630466582597727,7326.0,7326.0,0,0,0.369533417402268,5,3,0.0031799989034486382,4.1,1
1099.0,1920.0,43.0,0.5723958333333035,821.0,821.0,0,0,0.42760416666664436,5,3,0.02979676383827712,4.2,1
8199.0,16000.0,49.0,0.5124374999999968,7801.0,7801.0,0,0,0.48756249999999696,5,3,0.003202534216611442,3.9,0
499.0,2199.0,77.0,0.2269213278762971,1700.0,1700.0,1,0,0.7730786721236574,5,4,0.010314605812558959,3.7,0
6999.0,14999.0,53.0,0.4666311087405796,8000.0,8000.0,1,0,0.5333688912594138,5,4,0.0031108740582705308,4.1,1
1595.0,1799.0,11.0,0.8866036687047867,204.0,204.0,0,0,0.11339633129515768,5,1,0.04925575937248815,4.0,1
1049.0,1950.0,46.0,0.5379487179486904,901.0,901.0,0,0,0.46205128205125834,5,3,0.027572973754417755,3.8,0
1182.0,2995.0,61.0,0.3946577629382172,1813.0,1813.0,1,0,0.6053422370617494,5,4,0.013172822527977877,4.2,1
499.0,999.0,50.0,0.4994994994994495,500.0,500.0,0,0,0.5005005005004504,4,3,0.04994994994994495,4.6,2
8799.0,11995.0,27.0,0.7335556481867384,3196.0,3196.0,0,0,0.2664443518132533,5,2,0.006115002068912458,4.1,1
1529.0,2999.0,49.0,0.509836612204051,1470.0,1470.0,0,0,0.4901633877959156,5,3,0.016994553740135032,3.3,0
1199.0,1690.0,29.0,0.7094674556212598,491.0,491.0,0,0,0.29053254437868103,5,2,0.04195549707990892,4.2,1
1052.0,1790.0,41.0,0.5877094972066711,738.0,738.0,0,0,0.41229050279327306,5,3,0.032814600625721446,4.3,1
6499.0,8995.0,28.0,0.7225125069482966,2496.0,2496.0,0,0,0.2774874930516923,5,2,0.008031486293333667,4.3,1
239.0,239.0,0.0,0.9999999999995817,0.0,0.0,0,1,0.0,3,0,0.4166666666664923,4.3,1
699.0,1599.0,56.0,0.43714821763599515,900.0,900.0,1,0,0.5628517823639423,5,4,0.027321763602249697,4.7,2
2599.0,4290.0,39.0,0.6058275058274917,1691.0,1691.0,0,0,0.39417249417248496,5,3,0.014118562242542338,4.4,1
1547.0,2890.0,46.0,0.5352941176470403,1343.0,1343.0,0,0,0.4647058823529251,5,3,0.018515880928642002,3.9,0
499.0,1299.0,62.0,0.38414164742106355,800.0,800.0,1,0,0.6158583525788595,5,4,0.029549357493927966,4.7,2
510.0,640.0,20.0,0.7968749999998754,130.0,130.0,0,0,0.20312499999996825,4,1,0.12431747269888851,4.1,1
1899.0,3790.0,50.0,0.501055408970963,1891.0,1891.0,0,0,0.49894459102901056,5,3,0.013216972011895622,3.8,0
2599.0,4560.0,43.0,0.5699561403508647,1961.0,1961.0,0,0,0.43004385964911335,5,3,0.012496297749416022,4.4,1
1199.0,3500.0,66.0,0.34257142857141876,2301.0,2301.0,1,0,0.6574285714285526,5,4,0.009784959399355005,4.3,1
999.0,2600.0,62.0,0.38423076923075444,1601.0,1601.0,1,0,0.6157692307692071,5,4,0.014772424807026313,3.4,0
1999.0,3300.0,39.0,0.6057575757575574,1301.0,1301.0,0,0,0.3942424242424123,5,3,0.018350729347396465,4.2,1
210.0,699.0,70.0,0.3004291845493132,489.0,489.0,1,0,0.6995708154505437,4,4,0.042918454935616177,3.7,0
14499.0,23559.0,38.0,0.6154335922577333,9060.0,9060.0,0,0,0.3845664077422625,5,3,0.002612196911110922,4.3,1
950.0,1599.0,41.0,0.5941213258286058,649.0,649.0,0,0,0.4058786741713317,5,3,0.03713258286428786,4.3,1
7199.0,9995.0,28.0,0.7202601300650253,2796.0,2796.0,0,0,0.2797398699349647,5,2,0.007205483494047873,4.4,1
2439.0,2545.0,4.0,0.9583497053044809,106.0,106.0,0,1,0.0416502946954797,5,0,0.037641386696955256,4.1,1
7799.0,8995.0,13.0,0.8670372429127197,1196.0,1196.0,0,0,0.13296275708726923,5,1,0.009638030712680299,4.0,1
1599.0,1999.0,20.0,0.7998999499749475,400.0,400.0,0,0,0.2001000500250025,5,1,0.039994997498747374,4.4,1
2899.0,5500.0,47.0,0.5270909090908995,2601.0,2601.0,0,0,0.4729090909090823,5,3,0.00958172894184511,3.8,0
9799.0,12150.0,19.0,0.8065020576131621,2351.0,2351.0,0,0,0.19349794238682969,5,1,0.006637330735027257,4.3,1
3299.0,4995.0,34.0,0.6604604604604473,1696.0,1696.0,0,0,0.33953953953953275,5,3,0.013219785037238736,3.8,0
5890.0,7506.0,22.0,0.7847055688782203,1616.0,1616.0,0,0,0.21529443112176638,5,2,0.010452984799230323,4.5,2
9199.0,18000.0,49.0,0.5110555555555528,8801.0,8801.0,0,0,0.4889444444444418,5,3,0.002839039806430492,4.0,1
351.0,1099.0,68.0,0.3193812556869591,748.0,748.0,1,0,0.6806187443129499,5,4,0.029034659607905373,3.7,0
899.0,1900.0,53.0,0.4731578947368172,1001.0,1001.0,1,0,0.5268421052631301,5,4,0.02488994711924341,4.0,1
1349.0,1850.0,27.0,0.7291891891891498,501.0,501.0,0,0,0.27081081081079617,5,2,0.03939433761151539,4.4,1
6236.0,9999.0,38.0,0.6236623662366174,3763.0,3763.0,0,0,0.3763376337633726,5,3,0.006236623662366174,4.1,1
2742.0,3995.0,31.0,0.6863579474342757,1253.0,1253.0,0,0,0.31364205256569927,5,3,0.01717612481066756,4.4,1
721.0,1499.0,52.0,0.4809873248832234,778.0,778.0,1,0,0.5190126751167099,5,4,0.03206582165888156,3.1,0
2903.0,3295.0,12.0,0.8810318664643132,392.0,392.0,0,0,0.11896813353565648,5,1,0.026730335754378436,4.3,1
1656.0,2695.0,39.0,0.6144712430426488,1039.0,1039.0,0,0,0.3855287569573141,5,3,0.02279196005351071,4.4,1
1399.0,2290.0,39.0,0.6109170305676589,891.0,891.0,0,0,0.3890829694322974,5,3,0.026665955066244387,4.4,1
2079.0,3099.0,33.0,0.6708615682478002,1020.0,1020.0,0,0,0.3291384317521675,5,3,0.021640695749929037,4.1,1
999.0,1075.0,7.0,0.9293023255813089,76.0,76.0,0,1,0.07069767441859807,5,0,0.08636638713580937,4.1,1
3179.0,6999.0,55.0,0.45420774396341684,3820.0,3820.0,1,0,0.5457922560365689,5,4,0.006488682056620241,4.0,1
1049.0,2499.0,58.0,0.41976790716284834,1450.0,1450.0,1,0,0.5802320928371116,5,4,0.01679071628651393,3.6,0
3599.0,7290.0,51.0,0.4936899862825721,3691.0,3691.0,1,0,0.5063100137174141,5,4,0.006771224609553862,3.9,0
4799.0,5795.0,17.0,0.8281276962898908,996.0,996.0,0,0,0.17187230371009193,5,1,0.014287917465319025,3.9,0
1699.0,3398.0,50.0,0.4999999999999853,1699.0,1699.0,0,0,0.4999999999999853,5,3,0.014710208884965733,3.8,0
664.0,1490.0,55.0,0.4456375838925875,826.0,826.0,1,0,0.5543624161073454,5,4,0.029888503279180918,4.1,1
948.0,1620.0,41.0,0.5851851851851491,672.0,672.0,0,0,0.4148148148147892,5,3,0.036100258185388596,4.1,1
850.0,1000.0,15.0,0.8499999999999149,150.0,150.0,0,0,0.149999999999985,4,1,0.0849150849150764,4.1,1
600.0,640.0,6.0,0.9374999999998535,40.0,40.0,0,1,0.06249999999999023,4,0,0.1462558502339865,3.8,0
3711.0,4495.0,17.0,0.8255839822024288,784.0,784.0,0,0,0.17441601779754895,5,1,0.018362633056103844,4.3,1
799.0,2999.0,73.0,0.2664221407135623,2200.0,2200.0,1,0,0.7335778592864043,5,4,0.00888073802378541,4.5,2
980.0,980.0,0.0,0.9999999999998979,0.0,0.0,0,1,0.0,4,0,0.10193679918449519,4.2,1
351.0,899.0,61.0,0.3904338153503459,548.0,548.0,1,0,0.6095661846495428,4,4,0.043381535038927325,3.9,0
229.0,499.0,54.0,0.4589178356712507,270.0,270.0,1,0,0.5410821643285489,3,4,0.09178356713425015,3.5,0
3349.0,3995.0,16.0,0.8382978723404045,646.0,646.0,0,0,0.16170212765957043,5,1,0.020978425233743856,4.3,1
5499.0,11500.0,52.0,0.4781739130434741,6001.0,6001.0,1,0,0.5218260869565172,5,4,0.004157672489726755,3.9,0
299.0,499.0,40.0,0.5991983967934671,200.0,200.0,0,0,0.4008016032063325,3,3,0.11983967935869341,3.9,0
2249.0,3550.0,37.0,0.6335211267605455,1301.0,1301.0,0,0,0.3664788732394263,5,3,0.017840640010153352,4.0,1
699.0,1599.0,56.0,0.43714821763599515,900.0,900.0,1,0,0.5628517823639423,5,4,0.027321763602249697,4.7,2
1235.0,1499.0,18.0,0.8238825883922065,264.0,264.0,0,0,0.17611741160772673,5,1,0.05492550589281377,4.1,1
1349.0,2999.0,55.0,0.4498166055351634,1650.0,1650.0,1,0,0.5501833944648032,5,4,0.014993886851172113,3.8,0
6800.0,11500.0,41.0,0.5913043478260818,4700.0,4700.0,0,0,0.40869565217390946,5,3,0.005141329865455888,4.1,1
1699.0,1975.0,14.0,0.8602531645569185,276.0,276.0,0,0,0.1397468354430309,5,1,0.0435350791779817,4.1,1
1069.0,1699.0,37.0,0.6291936433195627,630.0,630.0,0,0,0.3708063566803784,5,3,0.03701139078350369,3.9,0
1349.0,2495.0,46.0,0.5406813627254292,1146.0,1146.0,0,0,0.4593186372745307,5,3,0.021661913570730336,3.8,0
1499.0,3500.0,57.0,0.42828571428570206,2001.0,2001.0,1,0,0.5717142857142694,5,4,0.012233239482596461,4.1,1
2092.0,4600.0,55.0,0.4547826086956423,2508.0,2508.0,1,0,0.545217391304336,5,4,0.009884429660848562,4.3,1
3859.0,10295.0,63.0,0.3748421563865918,6436.0,6436.0,1,0,0.6251578436133985,5,4,0.0036406580845628573,3.9,0
1804.0,2380.0,24.0,0.757983193277279,576.0,576.0,0,0,0.2420168067226789,5,2,0.03183465742449723,4.0,1
6525.0,8820.0,26.0,0.7397959183673386,2295.0,2295.0,0,0,0.26020408163265013,5,2,0.008386757945440864,4.5,2
4999.0,24999.0,80.0,0.19996799871994803,20000.0,20000.0,1,0,0.800032001280048,5,4,0.0007998719948797921,4.6,2
1189.0,2400.0,50.0,0.495416666666646,1211.0,1211.0,0,0,0.5045833333333123,5,3,0.0206337637095646,4.1,1
2590.0,4200.0,38.0,0.6166666666666519,1610.0,1610.0,0,0,0.3833333333333242,5,3,0.014679044671903164,4.1,1
899.0,1599.0,44.0,0.562226391494649,700.0,700.0,0,0,0.43777360850528846,5,3,0.035139149468415565,3.4,0
998.0,2999.0,67.0,0.3327775925308325,2001.0,2001.0,1,0,0.6672224074691341,5,4,0.011092586417694415,4.6,2
998.06,1282.0,22.0,0.7785179407175679,283.94000000000005,283.94000000000005,0,0,0.22148205928235407,5,2,0.060679496548524385,4.2,1
1099.0,1990.0,45.0,0.5522613065326355,891.0,891.0,0,0,0.44773869346731415,5,3,0.02773788581278933,3.9,0
5999.0,9999.0,40.0,0.5999599959995939,4000.0,4000.0,0,0,0.400040004000396,5,3,0.005999599959995939,4.2,1
8886.0,11850.0,25.0,0.7498734177215126,2964.0,2964.0,0,0,0.2501265822784789,5,2,0.006327511751932433,4.2,1
475.0,999.0,52.0,0.47547547547542784,524.0,524.0,1,0,0.524524524524472,4,4,0.047547547547542784,4.1,1
4995.0,20049.0,75.0,0.24913960796049556,15054.0,15054.0,1,0,0.7508603920394995,5,4,0.0012425915609002272,4.8,2
13999.0,24850.0,44.0,0.5633400402414465,10851.0,10851.0,0,0,0.4366599597585496,5,3,0.0022668707103997683,4.4,1
8499.0,16490.0,48.0,0.5154032747119436,7991.0,7991.0,0,0,0.4845967252880505,5,3,0.003125360952713259,4.3,1
949.0,975.0,3.0,0.9733333333332335,26.0,26.0,0,1,0.02666666666666393,4,0,0.09972677595627392,4.3,1
395.0,499.0,21.0,0.7915831663325067,104.0,104.0,0,0,0.2084168336672929,3,2,0.15831663326650133,4.0,1
635.0,635.0,0.0,0.9999999999998425,0.0,0.0,0,1,0.0,4,0,0.15723270440249093,4.3,1
717.0,1390.0,48.0,0.5158273381294592,673.0,673.0,0,0,0.48417266187046876,5,3,0.037083201878465796,4.0,1
27900.0,59900.0,53.0,0.4657762938230376,32000.0,32000.0,1,0,0.5342237061769607,5,4,0.0007775768247993149,4.4,1
649.0,670.0,3.0,0.9686567164177659,21.0,21.0,0,1,0.03134328358208487,4,0,0.14436016638118715,4.1,1
193.0,399.0,52.0,0.4837092731828362,206.0,206.0,1,0,0.5162907268169132,3,4,0.12092731829570905,3.6,0
2449.0,3390.0,28.0,0.7224188790560259,941.0,941.0,0,0,0.2775811209439446,5,2,0.02130400704972061,4.0,1
1049.0,2499.0,58.0,0.41976790716284834,1450.0,1450.0,1,0,0.5802320928371116,5,4,0.01679071628651393,3.7,0
2399.0,4200.0,43.0,0.5711904761904626,1801.0,1801.0,0,0,0.4288095238095136,5,3,0.0135965359721605,3.8,0
2286.0,4495.0,49.0,0.5085650723025471,2209.0,2209.0,0,0,0.4914349276974307,5,3,0.011311500718473023,3.9,0
499.0,2199.0,77.0,0.2269213278762971,1700.0,1700.0,1,0,0.7730786721236574,5,4,0.010314605812558959,3.1,0
429.0,999.0,57.0,0.42942942942938644,570.0,570.0,1,0,0.5705705705705134,4,4,0.04294294294293864,3.0,0
299.0,595.0,50.0,0.5025210084032768,296.0,296.0,0,0,0.497478991596555,4,3,0.08431560543679142,4.0,1
5395.0,19990.0,73.0,0.2698849424712343,14595.0,14595.0,1,0,0.7301150575287608,5,4,0.0013500322268582578,4.4,1
559.0,1010.0,45.0,0.5534653465345987,451.0,451.0,0,0,0.4465346534653023,5,3,0.05474434683823924,4.1,1
660.0,1100.0,40.0,0.5999999999999455,440.0,440.0,0,0,0.3999999999999636,5,3,0.054495912806534555,3.6,0
419.0,999.0,58.0,0.41941941941937744,580.0,580.0,1,0,0.5805805805805224,4,4,0.04194194194193774,4.4,1
7349.0,10900.0,33.0,0.6742201834862324,3551.0,3551.0,0,0,0.3257798165137585,5,3,0.00618493884493379,4.2,1
2899.0,4005.0,28.0,0.7238451935080967,1106.0,1106.0,0,0,0.27615480649187824,5,2,0.018069026298255034,4.3,1
1799.0,3295.0,45.0,0.5459787556904235,1496.0,1496.0,0,0,0.45402124430954616,5,3,0.01656488943235508,3.8,0
1474.0,4650.0,68.0,0.31698924731182115,3176.0,3176.0,1,0,0.6830107526881574,5,4,0.006815507359961753,4.1,1
15999.0,24500.0,35.0,0.6530204081632627,8501.0,8501.0,0,0,0.3469795918367333,5,3,0.002665280634109884,4.0,1
3645.0,6070.0,40.0,0.6004942339373871,2425.0,2425.0,0,0,0.39950576606259636,5,3,0.009891191466601664,4.2,1
375.0,999.0,62.0,0.37537537537533777,624.0,624.0,1,0,0.624624624624562,4,4,0.03753753753753378,3.6,0
2976.0,3945.0,25.0,0.7543726235741254,969.0,969.0,0,0,0.24562737642584928,5,2,0.019117400496049805,4.2,1
1099.0,1499.0,27.0,0.7331554369579231,400.0,400.0,0,0,0.2668445630420102,5,2,0.0488770291305282,4.1,1
2575.0,6700.0,62.0,0.3843283582089495,4125.0,4125.0,1,0,0.6156716417910356,5,4,0.005735388124294128,4.2,1
1649.0,2800.0,41.0,0.5889285714285504,1151.0,1151.0,0,0,0.4110714285714139,5,3,0.021025654103125683,3.9,0
799.0,1699.0,53.0,0.47027663331368624,900.0,900.0,1,0,0.5297233666862549,5,4,0.027663331371393308,4.0,1
765.0,970.0,21.0,0.7886597938143517,205.0,205.0,0,0,0.21134020618554522,4,2,0.08122139998088071,4.2,1
999.0,1500.0,33.0,0.6659999999999556,501.0,501.0,0,0,0.3339999999999777,5,3,0.04437041972018359,4.2,1
587.0,1295.0,55.0,0.45328185328181825,708.0,708.0,1,0,0.5467181467181045,5,4,0.03497545164211561,4.1,1
12609.0,23999.0,47.0,0.5253968915371452,11390.0,11390.0,0,0,0.4746031084628507,5,3,0.002189153714738105,4.4,1
699.0,850.0,18.0,0.8223529411763738,151.0,151.0,0,0,0.1776470588235085,4,1,0.0966337181170827,4.1,1
3799.0,6000.0,37.0,0.6331666666666561,2201.0,2201.0,0,0,0.36683333333332724,5,3,0.010551019274565174,4.2,1
640.0,1020.0,37.0,0.6274509803920953,380.0,380.0,0,0,0.3725490196078066,5,3,0.0614545524380113,4.1,1
979.0,1999.0,51.0,0.4897448724361936,1020.0,1020.0,1,0,0.5102551275637563,5,4,0.02448724362180968,3.9,0
5365.0,7445.0,28.0,0.7206178643384725,2080.0,2080.0,0,0,0.27938213566151404,5,2,0.009677919209487946,3.9,0
3199.0,3500.0,9.0,0.9139999999999738,301.0,301.0,0,1,0.08599999999999754,5,0,0.02610682662096469,4.2,1
979.0,1395.0,30.0,0.7017921146952901,416.0,416.0,0,0,0.2982078853046381,5,2,0.050271641453817344,4.2,1
929.0,2199.0,58.0,0.42246475670757516,1270.0,1270.0,1,0,0.5775352432923794,5,4,0.019202943486707962,3.7,0
3710.0,4330.0,14.0,0.8568129330253844,620.0,620.0,0,0,0.14318706697459255,5,1,0.019783258670639212,3.7,0
2033.0,4295.0,53.0,0.47334109429568166,2262.0,2262.0,1,0,0.5266589057042951,5,4,0.011018181897013073,3.4,0
9495.0,18990.0,50.0,0.4999999999999974,9495.0,9495.0,0,0,0.4999999999999974,5,3,0.002632826075509438,4.2,1
7799.0,12500.0,38.0,0.623919999999995,4701.0,4701.0,0,0,0.376079999999997,5,3,0.004990960723142109,4.0,1
949.0,2385.0,60.0,0.3979035639412831,1436.0,1436.0,1,0,0.6020964360586749,5,4,0.01667659530349049,4.1,1
2790.0,4890.0,43.0,0.5705521472392522,2100.0,2100.0,0,0,0.4294478527607274,5,3,0.011665347520737113,3.9,0
645.0,1100.0,41.0,0.586363636363583,455.0,455.0,0,0,0.413636363636326,5,3,0.053257369333658766,4.0,1
2237.81,3899.0,43.0,0.573944601179775,1661.19,1661.19,0,0,0.4260553988201994,5,3,0.014716528235378844,3.9,0
8699.0,16899.0,49.0,0.5147641872300106,8200.0,8200.0,0,0,0.48523581276998357,5,3,0.003045941936272252,4.2,1
42990.0,75990.0,43.0,0.5657323332017363,33000.0,33000.0,0,0,0.43426766679826234,5,3,0.000744472810203493,4.3,1
825.0,825.0,0.0,0.9999999999998788,0.0,0.0,0,1,0.0,4,0,0.12106537530264876,4.0,1
697.0,1499.0,54.0,0.4649766511007028,802.0,802.0,1,0,0.5350233488992304,5,4,0.03099844340671352,3.8,0
688.0,747.0,8.0,0.9210174029449905,59.0,59.0,0,1,0.07898259705487563,4,0,0.12313066884291317,4.5,2
2199.0,3999.0,45.0,0.5498874718679533,1800.0,1800.0,0,0,0.45011252813202174,5,3,0.013747186796698832,3.5,0
6850.0,11990.0,43.0,0.5713094245204289,5140.0,5140.0,0,0,0.42869057547956274,5,3,0.0047644852349297715,3.9,0
2699.0,3799.0,29.0,0.7104501184522055,1100.0,1100.0,0,0,0.2895498815477681,5,2,0.018696055748742252,4.0,1
899.0,1999.0,55.0,0.4497248624311931,1100.0,1100.0,1,0,0.5502751375687569,5,4,0.022486243121559654,4.0,1
1090.0,2999.0,64.0,0.363454484828264,1909.0,1909.0,1,0,0.6365455151717027,5,4,0.012115149494275466,3.5,0
295.0,599.0,51.0,0.49248747913180424,304.0,304.0,1,0,0.5075125208680288,4,4,0.08208124652196737,4.0,1
479.0,1999.0,76.0,0.23961980990494047,1520.0,1520.0,1,0,0.7603801900950095,5,4,0.011980990495247024,3.4,0
2949.0,4849.0,39.0,0.6081666322953061,1900.0,1900.0,0,0,0.3918333677046733,5,3,0.012539518191655797,4.2,1
335.0,510.0,34.0,0.6568627450979104,175.0,175.0,0,0,0.3431372549018935,4,3,0.12854456851231125,3.8,0
293.0,499.0,41.0,0.5871743486972771,206.0,206.0,0,0,0.41282565130252247,3,3,0.11743486973945542,4.1,1
599.0,1299.0,54.0,0.461123941493421,700.0,700.0,1,0,0.538876058506502,5,4,0.035471072422570846,4.2,1
499.0,999.0,50.0,0.4994994994994495,500.0,500.0,0,0,0.5005005005004504,4,3,0.04994994994994495,4.3,1
849.0,1190.0,29.0,0.7134453781512006,341.0,341.0,0,0,0.2865546218487154,5,2,0.05990305442075572,4.2,1
249.0,400.0,38.0,0.6224999999998444,151.0,151.0,0,0,0.37749999999990563,3,3,0.1552369077306345,4.1,1
185.0,599.0,69.0,0.30884808013350434,414.0,414.0,1,0,0.6911519198663286,4,4,0.051474680022250724,3.9,0
778.0,999.0,22.0,0.7787787787787008,221.0,221.0,0,0,0.22122122122119905,4,2,0.07787787787787008,3.3,0
279.0,699.0,60.0,0.39914163090123045,420.0,420.0,1,0,0.6008583690986264,4,4,0.05702023298589007,4.3,1
215.0,1499.0,86.0,0.1434289526350805,1284.0,1284.0,1,0,0.8565710473648528,5,4,0.009561930175672032,3.9,0
889.0,1295.0,31.0,0.6864864864864334,406.0,406.0,0,0,0.3135135135134893,5,3,0.05296963630296554,4.3,1
1449.0,4999.0,71.0,0.28985797159431304,3550.0,3550.0,1,0,0.7101420284056669,5,4,0.005797159431886261,3.6,0
1190.0,2550.0,53.0,0.46666666666664836,1360.0,1360.0,1,0,0.5333333333333125,5,4,0.018293479681170066,3.8,0
1799.0,1950.0,8.0,0.9225641025640552,151.0,151.0,0,1,0.07743589743589346,5,0,0.047286730013534346,3.9,0
6120.0,8478.0,28.0,0.7218683651804586,2358.0,2358.0,0,0,0.2781316348195296,5,2,0.00851360260856774,4.6,2
1799.0,3299.0,45.0,0.5453167626553336,1500.0,1500.0,0,0,0.4546832373446361,5,3,0.016524750383494956,3.8,0
2199.0,3895.0,44.0,0.5645699614890741,1696.0,1696.0,0,0,0.43543003851090023,5,3,0.014491015438631266,3.9,0
3685.0,5495.0,33.0,0.6706096451319259,1810.0,1810.0,0,0,0.3293903548680559,5,3,0.012201776658150034,4.1,1
649.0,999.0,35.0,0.6496496496495846,350.0,350.0,0,0,0.35035035035031525,4,3,0.06496496496495846,3.6,0
8599.0,8995.0,4.0,0.9559755419677493,396.0,396.0,0,1,0.044024458032239644,5,0,0.010626673432278227,4.4,1
1110.0,1599.0,31.0,0.6941838649155287,489.0,489.0,0,0,0.30581613508440864,5,3,0.04338649155722055,4.3,1
1499.0,3500.0,57.0,0.42828571428570206,2001.0,2001.0,1,0,0.5717142857142694,5,4,0.012233239482596461,4.7,2
759.0,1999.0,62.0,0.37968984492244223,1240.0,1240.0,1,0,0.6203101550775078,5,4,0.01898449224612211,4.3,1
2669.0,3199.0,17.0,0.8343232260081015,530.0,530.0,0,0,0.16567677399186728,5,1,0.02607260081275317,3.9,0
929.0,1300.0,29.0,0.7146153846153296,371.0,371.0,0,0,0.2853846153845934,5,2,0.054928161769049154,3.9,0
199.0,399.0,50.0,0.4987468671677948,200.0,200.0,0,0,0.5012531328319546,3,3,0.1246867167919487,3.7,0
279.0,599.0,53.0,0.4657762938229606,320.0,320.0,1,0,0.5342237061768724,4,4,0.07762938230382677,3.5,0
549.0,999.0,45.0,0.5495495495494945,450.0,450.0,0,0,0.4504504504504053,4,3,0.05495495495494945,4.0,1
85.0,199.0,57.0,0.4271356783917452,114.0,114.0,1,0,0.5728643216077524,2,4,0.2135678391958726,4.1,1
499.0,1299.0,62.0,0.38414164742106355,800.0,800.0,1,0,0.6158583525788595,5,4,0.029549357493927966,3.9,0
5865.0,7776.0,25.0,0.7542438271604841,1911.0,1911.0,0,0,0.24575617283950302,5,2,0.009698390473967908,4.4,1
1260.0,2299.0,45.0,0.5480643758155481,1039.0,1039.0,0,0,0.45193562418440836,5,3,0.02382888590502383,4.3,1
1099.0,1500.0,27.0,0.7326666666666178,401.0,401.0,0,0,0.2673333333333155,5,2,0.048811903175657416,4.5,2
1928.0,2590.0,26.0,0.7444015444015156,662.0,662.0,0,0,0.25559845559844574,5,2,0.02873027959866907,4.0,1
3249.0,6299.0,48.0,0.5157961581203284,3050.0,3050.0,0,0,0.48420384187965576,5,3,0.008187240605084578,3.9,0
1199.0,1795.0,33.0,0.6679665738161188,596.0,596.0,0,0,0.33203342618382553,5,3,0.03719190277372599,4.2,1
1456.0,3190.0,54.0,0.4564263322883869,1734.0,1734.0,1,0,0.5435736677115817,5,4,0.014303551622951643,4.1,1
3349.0,4799.0,30.0,0.6978537195248865,1450.0,1450.0,0,0,0.3021462804750927,5,2,0.014538619156768467,3.7,0
4899.0,8999.0,46.0,0.5443938215357201,4100.0,4100.0,0,0,0.45560617846426876,5,3,0.0060488202392857795,4.1,1
1199.0,1899.0,37.0,0.6313849394417782,700.0,700.0,0,0,0.3686150605581691,5,3,0.03323078628640938,4.2,1
3290.0,5799.0,43.0,0.5673391964131649,2509.0,2509.0,0,0,0.43266080358681785,5,3,0.009781710282985601,4.3,1
179.0,799.0,78.0,0.22403003754690562,620.0,620.0,1,0,0.7759699624529691,4,4,0.028003754693363202,3.6,0
149.0,300.0,50.0,0.4966666666665011,151.0,151.0,0,0,0.5033333333331655,3,3,0.16500553709850535,4.1,1
5490.0,7200.0,24.0,0.7624999999999894,1710.0,1710.0,0,0,0.2374999999999967,5,2,0.010588807110123446,4.5,2
379.0,389.0,3.0,0.9742930591257136,10.0,10.0,0,1,0.02570694087402938,3,0,0.24981873310915734,4.2,1
8699.0,13049.0,33.0,0.6666411219250467,4350.0,4350.0,0,0,0.33335887807494574,5,3,0.0051083610875482495,4.3,1
3041.67,5999.0,49.0,0.5070295049174778,2957.33,2957.33,0,0,0.4929704950825055,5,3,0.00845049174862463,4.0,1
1745.0,2400.0,27.0,0.727083333333303,655.0,655.0,0,0,0.2729166666666553,5,2,0.030282521171732735,4.2,1
3180.0,5295.0,40.0,0.600566572237949,2115.0,2115.0,0,0,0.3994334277620321,5,3,0.011340003252227133,4.2,1
4999.0,24999.0,80.0,0.19996799871994803,20000.0,20000.0,1,0,0.800032001280048,5,4,0.0007998719948797921,4.5,2
390.0,799.0,51.0,0.488110137672029,409.0,409.0,1,0,0.5118898623278458,4,4,0.06101376720900362,3.8,0
1999.0,2999.0,33.0,0.6665555185061465,1000.0,1000.0,0,0,0.33344448149382017,5,3,0.022218517283538214,4.4,1
1624.0,2495.0,35.0,0.6509018036071883,871.0,871.0,0,0,0.34909819639277156,5,3,0.026077796618877738,4.1,1
184.0,450.0,59.0,0.40888888888879804,266.0,266.0,1,0,0.5911111111109798,3,4,0.09066272480904614,4.2,1
445.0,999.0,55.0,0.4454454454454008,554.0,554.0,1,0,0.554554554554499,4,4,0.04454454454454008,4.3,1
699.0,1690.0,59.0,0.4136094674555968,991.0,991.0,1,0,0.586390532544344,5,4,0.02445945993232388,4.1,1
1601.0,3890.0,59.0,0.4115681233933056,2289.0,2289.0,1,0,0.5884318766066686,5,4,0.010577438277905568,4.2,1
231.0,260.0,11.0,0.8884615384611968,29.0,29.0,0,0,0.11153846153841865,3,1,0.34040671971693365,4.1,1
369.0,599.0,38.0,0.6160267111852059,230.0,230.0,0,0,0.383973288814627,4,3,0.10267111853086765,3.9,0
809.0,1950.0,59.0,0.4148717948717736,1141.0,1141.0,1,0,0.5851282051281751,5,4,0.021264571751500445,3.9,0
1199.0,2990.0,60.0,0.4010033444815919,1791.0,1791.0,1,0,0.5989966555183746,5,4,0.013406999146826876,3.8,0
6120.0,8073.0,24.0,0.7580824972129226,1953.0,1953.0,0,0,0.241917502787065,5,2,0.009389181288245264,4.6,2
1799.0,2599.0,31.0,0.6921893035782727,800.0,800.0,0,0,0.3078106964216888,5,3,0.02662266552224126,3.6,0
18999.0,29999.0,37.0,0.633321110703688,11000.0,11000.0,0,0,0.36667888929630865,5,3,0.0021110703690122934,4.1,1
1999.0,2360.0,15.0,0.8470338983050488,361.0,361.0,0,0,0.15296610169490876,5,1,0.03587606515480936,4.2,1
5999.0,11495.0,48.0,0.5218790778599346,5496.0,5496.0,0,0,0.47812092214005675,5,3,0.004539657949373126,4.3,1
2599.0,4780.0,46.0,0.5437238493723735,2181.0,2181.0,0,0,0.4562761506276055,5,3,0.011372596723956777,3.9,0
1199.0,2400.0,50.0,0.4995833333333125,1201.0,1201.0,0,0,0.5004166666666459,5,3,0.020807302512841006,3.9,0
219.0,249.0,12.0,0.8795180722888034,30.0,30.0,0,0,0.120481927710795,3,1,0.35180722891552135,4.0,1
799.0,1199.0,33.0,0.6663886572142896,400.0,400.0,0,0,0.3336113427856269,5,3,0.05553238810119081,4.4,1
6199.0,10999.0,44.0,0.563596690608232,4800.0,4800.0,0,0,0.4364033093917589,5,3,0.005123606278256655,4.2,1
6790.0,10995.0,38.0,0.617553433378803,4205.0,4205.0,0,0,0.382446566621188,5,3,0.005616164363212104,4.5,2
1982.84,3300.0,40.0,0.6008606060605878,1317.16,1317.16,0,0,0.39913939393938186,5,3,0.01820238128023592,4.1,1
199.0,400.0,50.0,0.49749999999987565,201.0,201.0,0,0,0.5024999999998744,3,3,0.1240648379052059,4.1,1
1180.0,1440.0,18.0,0.8194444444443875,260.0,260.0,0,0,0.180555555555543,5,1,0.056866373660262835,4.2,1
2199.0,3045.0,28.0,0.7221674876847053,846.0,846.0,0,0,0.2778325123152618,5,2,0.023708715945000174,4.2,1
2999.0,3595.0,17.0,0.834214186369935,596.0,596.0,0,0,0.1657858136300371,5,1,0.023198392279475392,4.0,1
253.0,500.0,49.0,0.5059999999998989,247.0,247.0,0,0,0.4939999999999012,3,3,0.10099800399199578,4.3,1
499.0,799.0,38.0,0.6245306633290832,300.0,300.0,0,0,0.3754693366707915,4,3,0.0780663329161354,3.6,0
1149.0,1899.0,39.0,0.6050552922590519,750.0,750.0,0,0,0.39494470774089546,5,3,0.031845015382055364,3.5,0
457.0,799.0,43.0,0.5719649561951724,342.0,342.0,0,0,0.42803504380470236,4,3,0.07149561952439655,4.3,1
229.0,399.0,43.0,0.573934837092588,170.0,170.0,0,0,0.4260651629071614,3,3,0.143483709273147,3.6,0
899.0,1999.0,55.0,0.4497248624311931,1100.0,1100.0,1,0,0.5502751375687569,5,4,0.022486243121559654,4.2,1
1499.0,2199.0,32.0,0.6816734879490367,700.0,700.0,0,0,0.3183265120509178,5,3,0.030985158543138033,4.4,1
426.0,999.0,57.0,0.42642642642638373,573.0,573.0,1,0,0.5735735735735161,4,4,0.042642642642638375,4.1,1
2320.0,3290.0,29.0,0.7051671732522582,970.0,970.0,0,0,0.2948328267477114,5,2,0.021427139873967126,3.8,0
1563.0,3098.0,50.0,0.5045190445448514,1535.0,1535.0,0,0,0.49548095545511633,5,3,0.01628005952064703,3.5,0
3487.77,4990.0,30.0,0.6989519038076012,1502.23,1502.23,0,0,0.3010480961923787,5,2,0.014004245718445224,4.1,1
498.0,1200.0,59.0,0.4149999999999654,702.0,702.0,1,0,0.5849999999999512,5,4,0.03455453788509287,3.2,0
2695.0,2695.0,0.0,0.9999999999999629,0.0,0.0,0,1,0.0,5,0,0.03709198813056242,4.4,1
949.0,2299.0,59.0,0.41278816876901203,1350.0,1350.0,1,0,0.5872118312309444,5,4,0.01794731168560922,3.6,0
199.0,999.0,80.0,0.19919919919917925,800.0,800.0,1,0,0.8008008008007206,4,4,0.019919919919917924,3.1,0
379.0,919.0,59.0,0.41240478781279516,540.0,540.0,1,0,0.587595212187096,4,4,0.04482660737095599,4.0,1
2280.0,3045.0,25.0,0.7487684729063794,765.0,765.0,0,0,0.2512315270935878,5,2,0.024582024717871943,4.1,1
2219.0,3080.0,28.0,0.720454545454522,861.0,861.0,0,0,0.27954545454544544,5,2,0.023383789206573257,3.6,0
1399.0,1890.0,26.0,0.740211640211601,491.0,491.0,0,0,0.259788359788346,5,2,0.039143925976287734,4.0,1
2863.0,3690.0,22.0,0.775880758807567,827.0,827.0,0,0,0.22411924119240584,5,2,0.021020882113453456,4.3,1
